song_id,project_id,title,artiste_name,audio,video,release_date,producers,genre,duration,notes
1,1,4Lyf - Freestyle (Audio Slide),Shatta Wale,TRUE,FALSE,2026-03-09 01:39:22,,,03:15,
2,1,God People (Audio Slide),Shatta Wale,TRUE,FALSE,2026-03-09 01:17:19,,,02:42,
3,1,No No No (Audio Slide),Shatta Wale,TRUE,FALSE,2026-03-09 01:07:19,,,02:37,
4,2,Lonely Victory (Official Video),Shatta Wale,FALSE,TRUE,2026-03-07 20:23:28,,,02:35,
5,1,"Shatta Wale, DJ Mac, Crash Dummy - Danger (Official Music Video ) | Wyfl Riddim",Shatta Wale,FALSE,TRUE,2026-03-04 18:19:52,,,02:19,
6,14,Shatta Movement Army (Audio Slide),Shatta Wale,TRUE,FALSE,2026-03-01 14:06:04,,,03:13,
7,14,Tek Di Yellow (Audio Slide),Shatta Wale,TRUE,FALSE,2026-02-27 22:33:57,,,03:01,
8,14,Are You Sure (Audio Slide),Shatta Wale,TRUE,FALSE,2026-02-25 23:53:36,,Afrobeats,02:13,
9,14,When We Deh Come (Audio Slide),Shatta Wale,TRUE,FALSE,2026-02-25 23:46:54,,,02:00,
10,1,48Hrs (Visualizer),Shatta Wale,FALSE,TRUE,2026-02-24 18:50:18,,,03:32,
11,1,Auto-Pilot (Audio Slide),Shatta Wale,TRUE,FALSE,2026-02-22 02:11:25,,,02:52,
12,13,Spirit Bigger (Audio Slide),Shatta Wale,TRUE,FALSE,2026-02-19 05:54:26,,Afro - Pop,02:40,
13,13,Genzi (Audio Slide),Shatta Wale,TRUE,FALSE,2026-02-19 05:18:05,,Dancehall / Afrobeat,03:51,
14,13,Yawa Ni (Audio Slide),Shatta Wale,TRUE,FALSE,2026-02-19 05:15:13,,Dancehall / Afrobeat,02:32,
15,13,Toorlet (Audio Slide),Shatta Wale,TRUE,FALSE,2026-02-19 05:14:34,,Dancehall / Afrobeat,02:28,
16,13,Forgive You (Audio Slide),Shatta Wale,TRUE,FALSE,2026-02-19 05:10:05,,Dancehall / Afrobeat,02:26,
17,13,Maybe (Audio Slide),Shatta Wale,TRUE,FALSE,2026-02-19 04:09:02,,Dancehall / Afrobeat,02:28,
18,13,Block You (Audio Slide),Shatta Wale,TRUE,FALSE,2026-02-19 04:07:07,,Dancehall / Afrobeat,02:46,
19,13,Dog Eat Dog (Audio Slide),Shatta Wale,TRUE,FALSE,2026-02-19 04:04:35,,Dancehall / Afrobeat,02:31,
20,1,Destiny (Audio Slide),Shatta Wale,TRUE,FALSE,2026-02-07 07:18:27,,,03:13,
21,1,Top Boss (Audio Slide),Shatta Wale,TRUE,FALSE,2026-02-06 17:53:46,,,01:43,
22,1,My Fav Youtubers (Audio Slide),Shatta Wale,TRUE,FALSE,2026-02-04 00:49:14,,,02:46,
23,1,Settings (Audio Slide),Shatta Wale,TRUE,FALSE,2026-02-03 19:40:24,,,02:27,
24,1,Silence Is Not Power (Audio Slide),Shatta Wale,TRUE,FALSE,2026-02-03 05:44:08,,,04:14,
25,1,Agenda (Audio Slide),Shatta Wale,TRUE,FALSE,2026-02-02 04:12:59,,,02:16,
26,1,Wake Up (Audio Slide),Shatta Wale,TRUE,FALSE,2026-02-02 03:52:30,,,02:21,
27,1,48Hrs (Audio Slide),Shatta Wale,TRUE,FALSE,2026-02-01 22:47:21,,,03:29,
28,1,Which Gad (Audio Slide),Shatta Wale,TRUE,FALSE,2026-01-31 21:00:21,,,02:51,
29,1,Big Lie Dat - DJ Mac Riddim,Shatta Wale,FALSE,TRUE,2026-01-31 05:35:29,,,02:19,
30,3,Check Your Balance (Audio Slide),Shatta Wale,TRUE,FALSE,2026-01-27 00:49:28,,,02:34,
31,3,Word Is My Bond (Audio Slide),Shatta Wale,TRUE,FALSE,2026-01-26 23:18:35,,,02:03,
32,3,More Dan Dem ( Audio Slide),Shatta Wale,TRUE,FALSE,2026-01-26 22:59:36,,,02:02,
33,3,1 Man 1000 Cases (Audio Slide),Shatta Wale,TRUE,FALSE,2026-01-26 22:56:57,,,02:18,
34,3,Bow Down (Audio Slide),Shatta Wale,TRUE,FALSE,2026-01-26 22:49:14,,,01:31,
35,3,Bigger Everyday (Audio Slide),Shatta Wale,TRUE,FALSE,2026-01-26 22:47:09,,,02:05,
36,3,Lambo Drama (Audio Slide),Shatta Wale,TRUE,FALSE,2026-01-26 22:43:32,,,02:15,
37,3,God Soldiers (Audio Slide),Shatta Wale,TRUE,FALSE,2026-01-26 22:39:02,,,02:34,
38,3,Forever Vibes (Audio Slide),Shatta Wale,TRUE,FALSE,2026-01-26 22:36:47,,,02:28,
39,3,Hold You Close (Audio Slide),Shatta Wale,TRUE,FALSE,2026-01-26 22:33:36,,,02:38,
40,3,Bad Boy Sweet (Audio Slide),Shatta Wale,TRUE,FALSE,2026-01-26 22:31:00,,,02:05,
41,3,Soft Life (Audio Slide),Shatta Wale,TRUE,FALSE,2026-01-26 22:08:28,,,02:04,
42,1,Tell Ya Man (Official Video),Shatta Wale,FALSE,TRUE,2026-01-25 02:46:37,,,02:15,
43,2,Lonely Victory (Audio Slide),Shatta Wale,TRUE,FALSE,2026-01-14 02:26:56,,,02:35,
44,2,Worldwide Whine (Audio Slide),Shatta Wale,TRUE,FALSE,2026-01-14 02:25:12,,,02:23,
45,2,Vip Girl (Audio Slide),Shatta Wale,TRUE,FALSE,2026-01-14 02:24:04,,,02:56,
46,2,Born Fi Par (Audio Slide),Shatta Wale,TRUE,FALSE,2026-01-14 02:22:50,,,02:46,
47,2,Rise Anyway (Audio Slide),Shatta Wale,TRUE,FALSE,2026-01-14 02:19:53,,,02:30,
48,2,Boss A Di Whole Place (Audio Slide),Shatta Wale,TRUE,FALSE,2026-01-14 02:15:48,,,02:25,
49,1,2026 (Audio Slide),Shatta Wale,TRUE,FALSE,2026-01-01 00:01:20,,,01:59,
50,1,Letter To Maali (Official Video),Shatta Wale,FALSE,TRUE,2025-12-15 01:28:56,,,03:16,
51,1,Flaunt (Audio Slide),Shatta Wale,TRUE,FALSE,2025-12-13 19:03:52,,,02:57,
52,1,Global Champion (Audio Slide),Shatta Wale,TRUE,FALSE,2025-12-05 06:45:43,,,02:44,
53,1,I No Taya (Audio Slide),Shatta Wale,TRUE,FALSE,2025-12-03 04:50:27,,,02:10,
54,1,Jealousy (Official Video),Shatta Wale,FALSE,TRUE,2025-12-02 21:29:18,,,02:09,
55,1,Letter To Maali (Audio Slide),Shatta Wale,TRUE,FALSE,2025-12-02 17:05:28,,,03:16,
56,1,Street Kings (Audio Slide),Shatta Wale,TRUE,FALSE,2025-11-29 04:48:29,,,02:11,
57,1,Jealousy (Audio Slide),Shatta Wale,TRUE,FALSE,2025-11-28 03:22:27,,,02:08,
58,1,Who Send You (Audio Slide),Shatta Wale,TRUE,FALSE,2025-11-25 02:43:43,,,02:26,
59,1,A Goat Freestyle (Audio Slide),Shatta Wale,TRUE,FALSE,2025-11-21 01:27:26,,,02:09,
60,1,Red Flag Boy (Audio Slide),Shatta Wale,TRUE,FALSE,2025-11-19 03:43:52,,,02:31,
61,1,"Shatta Wale I Climbed , I Rose Audio Slide",Shatta Wale,TRUE,FALSE,2025-11-18 05:22:24,,,01:33,
62,1,Second God (Audio Slide),Shatta Wale,TRUE,FALSE,2025-11-18 05:09:18,,,02:43,
63,1,Dem Go Regret (Audio Slide),Shatta Wale,TRUE,FALSE,2025-11-18 05:07:47,,,02:39,
64,1,Spin (Audio Slide),Shatta Wale,TRUE,FALSE,2025-11-18 05:04:15,,,03:31,
65,1,Tell Ya Man (Audio Slide),Shatta Wale,TRUE,FALSE,2025-11-18 01:15:05,,,02:15,
66,1,Oobaake(Audio Slide),Shatta Wale,TRUE,FALSE,2025-11-18 00:29:22,,,02:16,
67,1,Hahaha(Audio Slide),Shatta Wale,TRUE,FALSE,2025-11-18 00:11:40,,,02:42,
68,1,Yaa Mallam (Audio Slide),Shatta Wale,TRUE,FALSE,2025-11-17 23:35:07,,,03:45,
69,1,Abonko (Audio Slide),Shatta Wale,TRUE,FALSE,2025-11-17 22:36:20,,,02:58,
70,1,Shattafest (Visualizer),Shatta Wale,FALSE,TRUE,2025-11-04 01:49:30,,,02:32,
71,1,Playboy (Official Video),Shatta Wale,FALSE,TRUE,2025-11-01 19:03:42,,,02:59,
72,1,Birthday (Official Audio),Shatta Wale,TRUE,FALSE,2025-10-14 00:52:37,,,02:24,
73,1,Shatta Wale X Vybz Kartel - Street Crown (Remix) Visualizer,Shatta Wale,FALSE,TRUE,2025-09-25 23:58:11,,,02:59,
74,1,Pancake (Official Video),Shatta Wale,FALSE,TRUE,2025-09-19 17:24:22,,,02:29,
75,12,God Is Here,Shatta Wale,FALSE,TRUE,2025-08-07 00:45:57,,,02:57,
76,12,Street Crown,Shatta Wale,FALSE,TRUE,2025-08-07 00:05:21,,,02:57,
77,12,King In A Life,Shatta Wale,TRUE,FALSE,2025-08-07 00:04:38,,,03:46,
78,12,Stay Focus,Shatta Wale,TRUE,FALSE,2025-08-07 00:04:19,,,02:02,
79,12,Stacks Pon Stacks,Shatta Wale,TRUE,FALSE,2025-08-07 00:04:07,,,01:51,
80,12,Stay Focused,Shatta Wale,TRUE,FALSE,2025-08-07 00:03:40,,,02:04,
81,12,Street Crown,Shatta Wale,TRUE,FALSE,2025-08-07 00:02:41,,,02:56,
82,1,Who Am I (Audio Slide),Shatta Wale,TRUE,FALSE,2025-07-25 08:06:36,,,03:44,
83,1,Multi-Talented Freestyle (Audio Slide),Shatta Wale,TRUE,FALSE,2025-07-03 03:49:57,,,02:30,
84,1,45 Calibre (Audio Slide),Shatta Wale,TRUE,FALSE,2025-07-03 03:26:00,,,02:18,
85,1,African Dancehall (Audio Slide),Shatta Wale,TRUE,FALSE,2025-07-03 03:11:41,,,02:50,
86,1,Splurge (Audio Slide),Shatta Wale,TRUE,FALSE,2025-07-03 02:51:17,,,02:41,
87,1,Playboy (Audio Slide),Shatta Wale,TRUE,FALSE,2025-07-02 14:01:59,,,03:02,
88,1,Black Road (Audio Slide),Shatta Wale,TRUE,FALSE,2025-05-21 01:50:38,,,03:07,
89,1,Fame (Audio Slide),Shatta Wale,TRUE,FALSE,2025-05-20 19:11:41,,,03:12,
90,1,Energy (Audio Slide),Shatta Wale,TRUE,FALSE,2025-05-17 02:29:12,,,03:46,
91,1,Dont Let Go (Audio Slide),Shatta Wale,TRUE,FALSE,2025-05-17 01:50:51,,,03:44,
92,1,Save Me (Audio Slide),Shatta Wale,TRUE,FALSE,2025-05-17 01:31:14,,,03:23,
93,1,Big Dreamer (Audio Slide),Shatta Wale,TRUE,FALSE,2025-05-16 23:32:22,,,02:34,
94,1,I Loud (Audio Slide),Shatta Wale,TRUE,FALSE,2025-05-16 23:09:26,,,02:32,
95,1,Ashawo Friend ( Audio Slide),Shatta Wale,TRUE,FALSE,2025-05-16 22:44:13,,,02:30,
96,1,"So Real , So Me (Official Video)",Shatta Wale,FALSE,TRUE,2025-05-10 18:37:09,,,02:50,
97,1,"So Real ,So Me (Audio Slide)",Shatta Wale,TRUE,FALSE,2025-05-01 18:52:48,,,02:55,
98,1,Play Nonsense,Shatta Wale,FALSE,TRUE,2025-03-20 02:49:49,,,02:36,
99,1,Amakor (Audio Slide),Shatta Wale,TRUE,FALSE,2025-03-19 13:15:15,,,02:38,
100,1,The King Solomon Freestyle,Shatta Wale,FALSE,TRUE,2025-03-14 23:10:55,,,01:28,
101,1,Betting Tax (Audio Slide),Shatta Wale,TRUE,FALSE,2025-03-12 01:58:37,,,02:46,
102,1,Dues (Official Audio),Shatta Wale,TRUE,FALSE,2025-03-06 18:39:36,,,03:24,
103,1,Allow (Official Audio),Shatta Wale,TRUE,FALSE,2025-03-06 17:43:13,,,03:46,
104,1,Ajey (Official Audio),Shatta Wale,TRUE,FALSE,2025-03-06 16:38:16,,,02:55,
105,1,Shingbele (Official Audio),Shatta Wale,TRUE,FALSE,2025-03-06 07:34:14,,,03:14,
106,1,Play Nonesense (Audio Slide),Shatta Wale,TRUE,FALSE,2025-02-23 13:48:10,,,02:34,
107,1,Rolls Royce (Official Video),Shatta Wale,FALSE,TRUE,2025-02-13 15:58:54,,,02:11,
108,1,Murky (Rolls Royce Pt 3),Shatta Wale,FALSE,TRUE,2025-02-11 02:13:39,,,02:52,
109,1,Rolls Royce (Part 2) Audio Slide,Shatta Wale,TRUE,FALSE,2025-02-09 11:49:28,,,02:52,
110,1,Rolls Royce (Audio Slide),Shatta Wale,TRUE,FALSE,2025-02-08 12:22:49,,,02:17,
111,1,Jo Lese Prod By Damaker X Altrayd,Shatta Wale,FALSE,TRUE,2025-01-30 01:26:00,,,02:08,
112,1,African Mandiba (Official Video),Shatta Wale,FALSE,TRUE,2025-01-16 23:44:02,,,04:07,
113,1,Clap ( Visualizer),Shatta Wale,FALSE,TRUE,2024-12-02 00:18:30,,,02:54,
114,1,Trackers Mind (Visualizer),Shatta Wale,TRUE,FALSE,2024-11-26 02:11:23,,,04:03,
115,1,Tuffa Dan Who (Visualizer),Shatta Wale,FALSE,TRUE,2024-11-24 16:06:26,,,03:41,
116,1,Wash (Official Video),Shatta Wale,FALSE,TRUE,2024-11-22 10:16:41,,,03:25,
117,1,"Accra Ft P.Blood, J.Quaye, Blakid,Z. Ranking,Kinjunia,Sanaa,D.Gennah,B.Cray, Shattonzy",Shatta Wale,FALSE,TRUE,2024-11-16 21:21:34,,,07:31,
118,1,Money Man (Visualizer),Shatta Wale,FALSE,TRUE,2024-11-11 22:15:32,,,03:29,
119,1,Wash (Visualizer),Shatta Wale,FALSE,TRUE,2024-11-11 10:42:29,,,02:44,
120,1,Deh Guard (Audio Slide),Shatta Wale,TRUE,FALSE,2024-11-03 15:08:58,,,02:38,
121,1,Zombie (Audio Slide),Shatta Wale,TRUE,FALSE,2024-11-02 20:24:30,,,02:28,
122,1,Money Man (Party Vibe),Shatta Wale,FALSE,TRUE,2024-10-19 17:36:33,,,01:00,
123,4,Money Man,Shatta Wale,FALSE,TRUE,2024-09-20 00:19:25,,,03:47,
124,4,Shatta Lighter,Shatta Wale,FALSE,TRUE,2024-09-20 00:19:18,,,02:36,
125,4,Preach On,Shatta Wale,FALSE,TRUE,2024-09-20 00:19:11,,,02:42,
126,4,Killa Ji Mi,Shatta Wale,FALSE,TRUE,2024-09-20 00:19:03,,,02:44,
127,4,Ogya (Fire) Ft Wendy Shay,Shatta Wale,FALSE,TRUE,2024-09-20 00:18:54,,,03:02,
128,4,Richest Man In Babylon,Shatta Wale,FALSE,TRUE,2024-09-20 00:18:47,,,03:19,
129,4,Demi God,Shatta Wale,FALSE,TRUE,2024-09-20 00:18:34,,,03:28,
130,4,Man Call God,Shatta Wale,FALSE,TRUE,2024-09-20 00:18:20,,,03:15,
131,4,Hey Uncle,Shatta Wale,FALSE,TRUE,2024-09-20 00:18:13,,,04:03,
132,4,Minamino Sin,Shatta Wale,FALSE,TRUE,2024-09-20 00:18:08,,,04:20,
133,4,I Know,Shatta Wale,FALSE,TRUE,2024-09-20 00:17:55,,,03:27,
134,4,Blessings Ft Amerado,Shatta Wale,FALSE,TRUE,2024-09-20 00:17:50,,,03:29,
135,4,No Size,Shatta Wale,FALSE,TRUE,2024-09-20 00:17:44,,,02:29,
136,4,Accra,Shatta Wale,FALSE,TRUE,2024-09-20 00:17:38,,,02:58,
137,1,Blessings Feat. Amerado (Official Audio),Shatta Wale,TRUE,FALSE,2024-08-15 10:57:15,,,03:28,
138,1,Default (Official Video),Shatta Wale,FALSE,TRUE,2024-08-08 14:46:01,,,03:35,
139,1,Tears Ina Mi Eye. T.I.M.E (Audio Slide),Shatta Wale,TRUE,FALSE,2024-08-01 17:09:34,,,03:17,
140,1,Prodigal Son (Audio Slide),Shatta Wale,TRUE,FALSE,2024-07-11 20:01:34,,,03:29,
141,1,Killa Ji Mi (Official Video),Shatta Wale,FALSE,TRUE,2024-06-21 01:00:53,,,02:52,
142,1,Rise Like Dollar (Official Video),Shatta Wale,FALSE,TRUE,2024-05-07 15:25:40,,,04:20,
143,1,Iangtjty (Official Video),Shatta Wale,FALSE,TRUE,2024-04-19 15:00:07,,,03:17,
144,1,Stone (Audio Slide),Shatta Wale,TRUE,FALSE,2024-04-17 20:30:48,,,04:23,
145,1,Take Am (Audio Slide),Shatta Wale,TRUE,FALSE,2024-04-12 19:31:16,,,03:25,
146,1,When I Bore (Official Video),Shatta Wale,FALSE,TRUE,2024-04-08 17:00:07,,,02:54,
147,1,Apim (Audio Slide),Shatta Wale,TRUE,FALSE,2024-03-27 22:43:59,,,03:38,
148,1,Small But Mighty (Audio Slide),Shatta Wale,TRUE,FALSE,2024-03-27 19:31:36,,,03:15,
149,1,Killa Ji Mi (Audio Slide),Shatta Wale,TRUE,FALSE,2024-03-27 03:21:10,,,02:49,
150,1,Minamino Sin (Official Video),Shatta Wale,FALSE,TRUE,2024-03-23 17:00:07,,,04:26,
151,1,Iangtjty (Official Audio),Shatta Wale,TRUE,FALSE,2024-03-22 18:28:38,,,02:51,
152,1,Fada Violate (Official Audio),Shatta Wale,TRUE,FALSE,2024-03-21 16:59:26,,,03:33,
153,1,When I Bore (Official Audio),Shatta Wale,TRUE,FALSE,2024-03-19 01:28:05,,,02:38,
154,1,Authentic (Shatta Music) Audio,Shatta Wale,TRUE,FALSE,2024-01-27 19:41:15,,,02:35,
155,1,Portable (Shatta Music) Audio,Shatta Wale,TRUE,FALSE,2024-01-27 14:04:18,,,02:48,
156,1,Junior Jesus (Audio),Shatta Wale,TRUE,FALSE,2024-01-26 19:32:51,,,02:54,
157,1,No Love (Shatta Music) Audio,Shatta Wale,TRUE,FALSE,2024-01-26 18:03:10,,,03:49,
158,1,I See Dem (Shatta Music) Audio,Shatta Wale,TRUE,FALSE,2024-01-26 17:32:47,,,03:02,
159,1,I Know (Shatta Music) Audio,Shatta Wale,TRUE,FALSE,2024-01-26 17:20:14,,,02:01,
160,1,We Coming (Shatta Music) Audio,Shatta Wale,TRUE,FALSE,2024-01-24 23:05:52,,,03:16,
161,1,What Deh Sup (Shatta Music) Audio,Shatta Wale,TRUE,FALSE,2024-01-24 22:25:58,,,03:10,
162,1,Team A (Shatta Music) Audio,Shatta Wale,TRUE,FALSE,2024-01-24 22:03:01,,,03:17,
163,1,Somebody Pikin (Shatta Music) Audio,Shatta Wale,TRUE,FALSE,2024-01-24 21:43:52,,,03:49,
164,1,Jealousy Be Drug (Shatta Music) Audio,Shatta Wale,TRUE,FALSE,2024-01-24 21:24:01,,,03:15,
165,1,Minamino Sin (Visualizer),Shatta Wale,FALSE,TRUE,2024-01-23 22:52:41,,,04:22,
166,1,Sex In London (Audio),Shatta Wale,TRUE,FALSE,2024-01-20 22:50:45,,,02:51,
167,1,Jee Jen (Getat) Audio,Shatta Wale,TRUE,FALSE,2024-01-20 19:31:48,,,03:47,
168,1,Ewi(Thief) Audio,Shatta Wale,TRUE,FALSE,2024-01-17 23:36:55,,,03:05,
169,1,Mina Mino Sin (Shatta Music) Audio,Shatta Wale,TRUE,FALSE,2024-01-16 18:00:51,,,04:20,
170,1,Balloon (Official Video),Shatta Wale,FALSE,TRUE,2024-01-11 23:00:09,,,03:21,
171,1,Who Say (Shattamusic) Audio,Shatta Wale,TRUE,FALSE,2024-01-07 15:15:49,,,02:45,
172,1,Campaign(Audio),Shatta Wale,TRUE,FALSE,2024-01-04 15:06:42,,,03:40,
173,1,Digital Beggar(Shattamusic) Audio,Shatta Wale,TRUE,FALSE,2024-01-04 00:51:07,,,03:24,
174,1,So Many Years(Shattamusic) Audio,Shatta Wale,TRUE,FALSE,2024-01-02 23:46:16,,,02:49,
175,1,2024 (Shattamusic) Audio,Shatta Wale,TRUE,FALSE,2024-01-01 15:13:54,,,02:55,
176,1,Balloon Dropping Soon,Shatta Wale,FALSE,TRUE,2023-12-14 15:33:38,,,00:16,
177,1,Balloon Dropping Soon ??,Shatta Wale,FALSE,TRUE,2023-12-14 15:10:38,,,00:16,
178,5,#Incoming Ft Tekno,Shatta Wale,FALSE,TRUE,2023-10-14 16:13:34,,,00:19,
179,1,I Want To Be Like Bandana (Audio Slide),Shatta Wale,TRUE,FALSE,2023-09-21 19:45:09,,,02:59,
180,1,Shoe Shu Lin (Audio Slide),Shatta Wale,TRUE,FALSE,2023-08-14 07:01:48,,,02:53,
181,1,Only God (Official Audio),Shatta Wale,TRUE,FALSE,2023-08-10 12:47:44,,,02:16,
182,1,Kokonut (Official Audio),Shatta Wale,TRUE,FALSE,2023-08-09 13:31:32,,,02:59,
183,1,Watch Me (Official Audio),Shatta Wale,TRUE,FALSE,2023-08-09 11:38:50,,,02:54,
184,1,Beef Shatta (Official Audio),Shatta Wale,TRUE,FALSE,2023-08-08 15:48:38,,,03:08,
185,1,Diss-Side (Official Audio),Shatta Wale,TRUE,FALSE,2023-08-08 14:10:29,,,03:19,
186,1,Foolishness (Audio Slide) #Shattamusic,Shatta Wale,TRUE,FALSE,2023-07-21 15:58:10,,,03:15,
187,1,Filo (Acoustic Version ),Shatta Wale,FALSE,TRUE,2023-06-24 18:47:05,,,02:29,
188,1,Born Great (Official Video),Shatta Wale,FALSE,TRUE,2023-05-23 19:24:05,,,03:11,
189,1,Wetin (Official Video),Shatta Wale,FALSE,TRUE,2023-05-18 17:57:40,,,03:28,
190,15,Taking It (Official Video),Shatta Wale,FALSE,TRUE,2023-04-18 18:04:47,,,02:46,
191,15,They Will Know (Official Video),Shatta Wale,FALSE,TRUE,2023-04-16 14:50:50,,,03:07,
192,15,10. Shatta Wale X Vybz Kartel - Mansa Musa (Official Audio),Shatta Wale,TRUE,FALSE,2023-03-25 01:03:38,,,04:18,
193,15,9. Show Mi (Official Audio),Shatta Wale,TRUE,FALSE,2023-03-25 01:03:28,,,03:43,
194,15,8. Richer Than Last Year (Official Audio),Shatta Wale,TRUE,FALSE,2023-03-25 01:03:14,,,03:50,
195,15,7. Killa Weapon (Official Audio),Shatta Wale,TRUE,FALSE,2023-03-25 01:02:36,,,03:25,
196,15,6. Afrikan Kylie (Official Audio),Shatta Wale,TRUE,FALSE,2023-03-25 01:02:28,,,02:57,
197,15,5. Did My Time (Official Audio),Shatta Wale,TRUE,FALSE,2023-03-25 01:02:20,,,03:31,
198,15,4. Heartless (Official Audio),Shatta Wale,TRUE,FALSE,2023-03-25 01:02:05,,,02:58,
199,15,3. They Will Know (Official Audio),Shatta Wale,TRUE,FALSE,2023-03-25 01:01:55,,,03:06,
200,15,2. Inna Real Life (Official Audio),Shatta Wale,TRUE,FALSE,2023-03-25 01:01:47,,,02:22,
201,15,1.Taking It (Official Audio),Shatta Wale,TRUE,FALSE,2023-03-25 01:01:28,,,02:47,
202,15,M.A.A.L.I (Dancehall Album Track List),Shatta Wale,TRUE,FALSE,2023-03-19 21:13:54,,,00:43,
203,1,Badman (Official Video),Shatta Wale,FALSE,TRUE,2023-03-17 20:42:59,,,03:46,
204,1,Grade 1 (Audio Slide),Shatta Wale,TRUE,FALSE,2023-02-25 20:27:45,,,03:39,
205,1,We Deh Inside (Visualizer) #Shattamusic,Shatta Wale,FALSE,TRUE,2023-02-25 18:23:27,,,03:44,
206,1,Badman (Audio Slide) #Dancehall,Shatta Wale,TRUE,FALSE,2023-02-25 11:30:43,,,03:46,
207,1,No Cap (Audio Slide),Shatta Wale,TRUE,FALSE,2023-02-24 12:48:45,,,03:41,
208,1,Ends Meat (Audio Slide),Shatta Wale,TRUE,FALSE,2023-02-24 11:47:36,,,02:26,
209,1,Born Great (Official Audio),Shatta Wale,TRUE,FALSE,2023-02-23 17:29:48,,,03:10,
210,1,Aviator (Visualizer),Shatta Wale,FALSE,TRUE,2023-02-18 22:34:35,,,03:33,
211,1,My Story (Lyric Video),Shatta Wale,TRUE,FALSE,2023-02-09 12:41:31,,,04:43,
212,1,Shatta Wale Ft. Opanka - Understand (Lyric Video),Shatta Wale,TRUE,FALSE,2023-02-01 05:45:29,,,03:18,
213,1,One Of A Kind (Audio Slide),Shatta Wale,TRUE,FALSE,2023-01-24 20:00:16,,,03:09,
214,1,London Bridge (Audio Slide),Shatta Wale,TRUE,FALSE,2023-01-16 04:11:41,,,03:19,
215,1,Adole (Official Video),Shatta Wale,FALSE,TRUE,2023-01-12 23:55:20,,,04:27,
216,1,Unicorn (Audio Slide),Shatta Wale,TRUE,FALSE,2023-01-09 18:48:58,,,03:33,
217,1,Standard (Audio Slide),Shatta Wale,TRUE,FALSE,2023-01-08 06:14:24,,,03:21,
218,1,2023 (Audio Slide),Shatta Wale,TRUE,FALSE,2023-01-01 02:03:05,,,04:08,
219,1,Competition (Official Video),Shatta Wale,FALSE,TRUE,2022-12-28 04:11:24,,,03:17,
220,1,Don’T Call Me (Lyric Video),Shatta Wale,TRUE,FALSE,2022-12-19 05:42:54,,,03:07,
221,1,Star Sign (Official Audio Slide),Shatta Wale,TRUE,FALSE,2022-11-30 22:43:04,,,04:15,
222,1,Keep Trying (Lyric Video),Shatta Wale,TRUE,FALSE,2022-11-29 20:36:19,,,03:22,
223,1,Shatta Montez (Audio Slide),Shatta Wale,TRUE,FALSE,2022-11-21 01:55:05,,,03:31,
224,1,No Brain (Lyric Video),Shatta Wale,TRUE,FALSE,2022-11-18 12:39:50,,,04:13,
225,1,Hustle Go Pay (Audio Slide),Shatta Wale,TRUE,FALSE,2022-11-12 10:26:26,,,02:43,
226,1,Doing What Real G’S Do With Medikal,Shatta Wale,FALSE,TRUE,2022-11-05 17:44:59,,,03:42,
227,1,Cash Out (Official Lyric Video),Shatta Wale,TRUE,FALSE,2022-10-16 22:00:02,,,03:05,
228,1,Gift Of God Album Cover,Shatta Wale,FALSE,TRUE,2022-10-09 21:24:53,,,02:34,
229,1,Gog Roll Out,Shatta Wale,FALSE,TRUE,2022-10-09 11:25:04,,,02:25,
230,1,Mr Pundit (Audio Slide),Shatta Wale,TRUE,FALSE,2022-09-14 20:17:23,,,04:55,
231,1,For Where (Audio Slide),Shatta Wale,TRUE,FALSE,2022-09-13 07:48:58,,,03:21,
232,1,That’S My People (Audio Slide),Shatta Wale,TRUE,FALSE,2022-09-13 07:39:50,,,03:20,
233,1,Dem No Fit Wait (Audio Slide),Shatta Wale,TRUE,FALSE,2022-09-13 07:23:31,,,02:35,
234,1,Mina Mino Boys (Audio Slide),Shatta Wale,TRUE,FALSE,2022-09-13 07:16:25,,,02:10,
235,1,Never Sleep (Audio Slide),Shatta Wale,TRUE,FALSE,2022-09-13 07:07:16,,,01:22,
236,1,God Is My Gun,Shatta Wale,FALSE,TRUE,2022-09-13 07:01:28,,,03:21,
237,1,Keep Trying (Audio Slide),Shatta Wale,TRUE,FALSE,2022-09-13 06:48:35,,,03:22,
238,1,Walk Pon Dem (Audio Slide),Shatta Wale,TRUE,FALSE,2022-09-13 06:26:16,,,02:13,
239,1,Higher (Audio Slide),Shatta Wale,TRUE,FALSE,2022-09-13 06:17:14,,,02:41,
240,1,No Camera (Audio Slide),Shatta Wale,TRUE,FALSE,2022-09-13 06:11:22,,,01:53,
241,1,Mafia (Audio Slide),Shatta Wale,TRUE,FALSE,2022-09-13 05:09:07,,,03:17,
242,1,Society Contract (Audio Slide),Shatta Wale,TRUE,FALSE,2022-08-23 08:51:36,,,03:58,
243,1,King Of Kings (Audio Slide),Shatta Wale,TRUE,FALSE,2022-07-28 06:29:34,,,03:50,
244,1,Wha’ Da …#&@***,Shatta Wale,FALSE,TRUE,2022-07-19 19:42:52,,,04:55,
245,1,Cold Store (Audio Slide),Shatta Wale,TRUE,FALSE,2022-07-02 23:21:56,,,03:23,
246,1,J J C (Audio Slide),Shatta Wale,TRUE,FALSE,2022-06-04 02:26:26,,,04:29,
247,1,Trackers Minds (Audio Slide),Shatta Wale,TRUE,FALSE,2022-06-02 22:13:39,,,04:10,
248,1,1957 (Audio Slide),Shatta Wale,TRUE,FALSE,2022-06-01 10:50:35,,,03:14,
249,1,Sorry (Audio Slide),Shatta Wale,TRUE,FALSE,2022-06-01 00:33:45,,,04:23,
250,1,Hunter (Audio Slide),Shatta Wale,TRUE,FALSE,2022-05-30 18:07:24,,,03:14,
251,1,Shoulder (Audio Slide),Shatta Wale,TRUE,FALSE,2022-05-09 21:00:11,,,03:44,
252,1,Knockout (Audio Slide),Shatta Wale,TRUE,FALSE,2022-05-07 10:00:10,,,03:18,
253,1,M.O.E.T (Official Video),Shatta Wale,FALSE,TRUE,2022-04-29 19:00:49,,,03:07,
254,1,Rising Youth (Official Video),Shatta Wale,FALSE,TRUE,2022-04-24 05:00:44,,,03:46,
255,1,Why Always Me Ft Medikal (Official Video),Shatta Wale,FALSE,TRUE,2022-04-18 20:00:08,,,03:04,
256,1,On God (Official Video),Shatta Wale,FALSE,TRUE,2022-04-13 19:00:09,,,03:14,
257,1,Ara B - Senseless Life (Official Video),Shatta Wale,FALSE,TRUE,2022-04-12 10:01:03,,,03:58,
258,1,Shatta Wale X Medikal - Deeper Than Blood (Official Video ),Shatta Wale,FALSE,TRUE,2022-04-10 11:39:27,,,02:38,
259,1,On God (Audio Slide),Shatta Wale,TRUE,FALSE,2022-04-05 01:46:28,,,03:15,
260,1,Fear Mi (Official Video),Shatta Wale,FALSE,TRUE,2022-03-10 03:59:38,,,02:01,
261,1,Bess Lyf (Official Video),Shatta Wale,FALSE,TRUE,2022-02-18 20:47:14,,,03:40,
262,1,Born Crey (Audio Slide),Shatta Wale,TRUE,FALSE,2022-02-11 11:06:34,,,02:37,
263,1,No See Am Like That (Audio Slide),Shatta Wale,TRUE,FALSE,2022-02-08 11:14:09,,,03:15,
264,1,London City (Audio Slide),Shatta Wale,TRUE,FALSE,2022-02-06 12:56:36,,,01:42,
265,1,Abnormal Temperature. (Freestyle),Shatta Wale,FALSE,TRUE,2022-02-05 20:48:23,,,02:10,
266,1,Bandana (Audio Slide),Shatta Wale,TRUE,FALSE,2022-02-05 15:25:01,,,03:27,
267,1,Regular (Audio Slide),Shatta Wale,TRUE,FALSE,2022-02-05 13:52:42,,,03:22,
268,1,Dancehall Dweet (Audio Slide),Shatta Wale,TRUE,FALSE,2022-02-04 09:57:49,,,02:25,
269,1,Jail Man (Viral Video),Shatta Wale,FALSE,TRUE,2022-02-02 17:57:44,,,04:23,
270,1,Cartier Party (Audio Slide),Shatta Wale,TRUE,FALSE,2022-01-30 18:31:52,,,03:42,
271,1,Ragga Ragga (Audio Slide),Shatta Wale,TRUE,FALSE,2022-01-30 14:54:06,,,02:39,
272,1,Adansi3 (Testimony) (Audio Slide),Shatta Wale,TRUE,FALSE,2022-01-29 13:10:11,,,03:27,
273,1,Like Summer - Shatta X Medikal On A Vacation Somewhere In Ghana ??????,Shatta Wale,FALSE,TRUE,2022-01-29 00:40:20,,,02:39,
274,1,Shatta Wale X Jupitar - Like Summer (Audio Slide),Shatta Wale,TRUE,FALSE,2022-01-28 20:39:11,,,02:39,
275,1,Landlord (Audio Slide),Shatta Wale,TRUE,FALSE,2022-01-23 21:15:52,,,03:15,
276,1,Your Rights (Audio Slide),Shatta Wale,TRUE,FALSE,2021-12-31 18:10:36,,,03:06,
277,1,I Pray (Official Video),Shatta Wale,FALSE,TRUE,2021-12-24 10:28:18,,,03:28,
278,1,Taking Over (Remix) Ft. DJ Vyrusky (Audio Slide),Shatta Wale,TRUE,FALSE,2021-12-12 13:37:27,,,02:33,
279,17,Love Is A Medicine (Official Video),Shatta Wale,FALSE,TRUE,2021-11-26 23:13:59,,,03:15,
280,1,Shatta Wale X Medikal - Why Always Me (Audio Slide),Shatta Wale,TRUE,FALSE,2021-11-19 10:35:06,,,03:05,
281,17,Love Is A Medicine (Audio Slide),Shatta Wale,TRUE,FALSE,2021-11-19 00:00:28,,,03:16,
282,17,Maya (Audio Slide),Shatta Wale,TRUE,FALSE,2021-11-19 00:00:16,,,02:54,
283,17,Cool Down (Audio Slide),Shatta Wale,TRUE,FALSE,2021-11-19 00:00:11,,,02:53,
284,17,I Pray (Audio Slide),Shatta Wale,TRUE,FALSE,2021-11-19 00:00:08,,,02:58,
285,1,Nobody Bigger Than God (Audio Slide),Shatta Wale,TRUE,FALSE,2021-11-16 03:28:08,,,03:24,
286,1,Sacrifice (Audio Slide),Shatta Wale,TRUE,FALSE,2021-11-04 15:58:23,,,05:25,
287,1,Jail Man (Audio Slide),Shatta Wale,TRUE,FALSE,2021-11-04 10:51:39,,,04:10,
288,1,Jackpot (Audio Slide),Shatta Wale,TRUE,FALSE,2021-10-11 13:37:26,,,03:14,
289,1,Thugs Feat. Ara B X Captan (Official Video),Shatta Wale,FALSE,TRUE,2021-10-03 19:44:35,,,03:17,
290,1,Bless Me (Audio Slide),Shatta Wale,TRUE,FALSE,2021-09-28 12:31:52,,,04:01,
291,1,Sex Life Ft. Yadark (Audio Slide),Shatta Wale,TRUE,FALSE,2021-09-23 22:34:11,,,02:46,
292,1,Ona (Audio Slide),Shatta Wale,TRUE,FALSE,2021-09-15 05:17:04,,,04:01,
293,1,Agraadaa (Official Video),Shatta Wale,FALSE,TRUE,2021-09-12 20:29:51,,,02:52,
294,1,Hmmm Chale Ft. Ara-B (Official Video),Shatta Wale,FALSE,TRUE,2021-09-07 07:23:16,,,03:29,
295,1,Drive By (Audio Slide),Shatta Wale,TRUE,FALSE,2021-09-03 22:12:07,,,03:30,
296,1,Bra Wale (Audio Slide),Shatta Wale,TRUE,FALSE,2021-09-03 22:03:40,,,02:28,
297,1,Are You Ok? (Audio Slide),Shatta Wale,TRUE,FALSE,2021-09-03 22:00:29,,,04:04,
298,1,Your Docket (Audio Slide),Shatta Wale,TRUE,FALSE,2021-09-03 22:00:08,,,02:51,
299,1,Night Meetings (Audio Slide ),Shatta Wale,TRUE,FALSE,2021-09-03 21:59:23,,,02:45,
300,1,Brokors (Audio Slide),Shatta Wale,TRUE,FALSE,2021-09-01 07:29:02,,,03:41,
301,1,Panai (Official Video),Shatta Wale,TRUE,FALSE,2021-08-29 23:43:51,,,02:22,
302,1,It'S A Must (Official Video ),Shatta Wale,FALSE,TRUE,2021-08-24 23:17:12,,,03:03,
303,1,Agradaa (Audio Slide),Shatta Wale,TRUE,FALSE,2021-08-24 11:29:31,,,02:45,
304,1,Doto [Shut Up] (Audio Slide),Shatta Wale,TRUE,FALSE,2021-08-22 09:30:58,,,03:19,
305,1,Getting Loud (Audio Slide),Shatta Wale,TRUE,FALSE,2021-08-20 04:43:24,,,03:35,
306,1,You No Fit (Audio Slide ),Shatta Wale,TRUE,FALSE,2021-08-19 21:27:31,,,03:23,
307,1,Pañia (Audio Slide),Shatta Wale,TRUE,FALSE,2021-08-18 19:16:29,,,02:20,
308,1,2Known (Audio Slide),Shatta Wale,TRUE,FALSE,2021-08-17 15:55:08,,,03:28,
309,1,Car Race (Audio Slide),Shatta Wale,TRUE,FALSE,2021-08-16 22:19:56,,,02:56,
310,1,One Thing (Audio Slide),Shatta Wale,TRUE,FALSE,2021-08-16 14:35:05,,,03:25,
311,1,It’S Raining (Audio Slide),Shatta Wale,TRUE,FALSE,2021-08-16 11:18:00,,,02:15,
312,1,Look Stupid (Audio Slide),Shatta Wale,TRUE,FALSE,2021-08-16 08:53:08,,,02:27,
313,1,Bushmeat (Audio Slide),Shatta Wale,TRUE,FALSE,2021-08-16 06:43:49,,,03:10,
314,1,Shatta Wale X Ara-B X Captan - Thugs (Audio Slide),Shatta Wale,TRUE,FALSE,2021-08-14 15:56:29,,,02:53,
315,1,Shatta Wale X Ara-B - Hmmm Chale (Audio Slide),Shatta Wale,TRUE,FALSE,2021-08-14 11:05:46,,,03:29,
316,1,Shatta Wale X Ara B - Party Mad (Audio Slide),Shatta Wale,TRUE,FALSE,2021-08-13 07:23:14,,,03:15,
317,1,Botoe [Listen] (Official Video),Shatta Wale,FALSE,TRUE,2021-07-15 04:19:14,,,04:20,
318,1,Big Man Ting (Audio Slide),Shatta Wale,TRUE,FALSE,2021-07-05 15:10:46,,,02:59,
319,1,Amu Na Nya [Fakers] (Audio Slide),Shatta Wale,TRUE,FALSE,2021-07-01 15:52:02,,,02:18,
320,1,I Don’T Care (Audio Slide),Shatta Wale,TRUE,FALSE,2021-07-01 10:31:18,,,02:25,
321,1,What If [Symphony Riddim] (Audio Slide),Shatta Wale,TRUE,FALSE,2021-07-01 02:47:51,,,04:01,
322,1,Convos ( Audio Slide),Shatta Wale,TRUE,FALSE,2021-06-29 03:06:33,,,03:14,
323,1,Bullet Proof Vest (Official Lyrics Video),Shatta Wale,TRUE,FALSE,2021-06-28 21:52:39,,,03:08,
324,1,Network (Audio Slide),Shatta Wale,TRUE,FALSE,2021-06-27 11:03:17,,,03:14,
325,1,Best Of Myself (Viral Video),Shatta Wale,FALSE,TRUE,2021-06-22 12:17:29,,,03:45,
326,1,Like Nyame [God] (Audio Slide),Shatta Wale,TRUE,FALSE,2021-06-22 10:05:29,,,03:14,
327,1,Eye Red (Audio Slide),Shatta Wale,TRUE,FALSE,2021-06-20 11:17:12,,,02:58,
328,1,Shw3 (Audio Slide),Shatta Wale,TRUE,FALSE,2021-06-15 09:00:09,,,02:33,
329,1,Piece Of Cake (Official Video),Shatta Wale,FALSE,TRUE,2021-06-13 03:16:52,,,02:57,
330,1,Can You (Audio Slide),Shatta Wale,TRUE,FALSE,2021-06-10 20:00:12,,,02:39,
331,1,Bombers (Audio Slide) [Prod By Moneybeats],Shatta Wale,TRUE,FALSE,2021-06-04 17:31:08,,,04:25,
332,1,Who Miss Me? (Audio Slide),Shatta Wale,TRUE,FALSE,2021-06-01 20:31:11,,,03:56,
333,1,"Badda General, Zj Liquid, Stylo G, Shatta Wale & Gold Up - Barrel Remix (Official Video)",Shatta Wale,TRUE,FALSE,2021-05-08 01:40:45,,,04:05,
334,1,More Loving (Official Video),Shatta Wale,TRUE,FALSE,2021-04-26 21:52:04,,,02:41,
335,1,Rich Life Feat. Disastrous (Official Video),Shatta Wale,TRUE,FALSE,2021-04-23 18:30:15,,,03:52,
336,1,Favor Of God (Official Audio),Shatta Wale,TRUE,FALSE,2021-04-19 12:00:17,,,02:19,
337,1,Kll ‘Em (Audio Slide ) Prod By Gigz,Shatta Wale,TRUE,FALSE,2021-03-28 15:24:32,,,02:30,
338,1,We Taya (Audio Slide),Shatta Wale,TRUE,FALSE,2021-03-28 12:34:25,,,03:16,
339,1,"Shatta Wale, Skillibeng & Gold Up – Blow Up (Official Lyric Video)",Shatta Wale,TRUE,FALSE,2021-03-19 00:00:12,,,03:14,
340,1,Your Life (Official Video),Shatta Wale,FALSE,TRUE,2021-03-03 11:00:04,,,03:38,
341,1,Blackboard (Viral Video),Shatta Wale,FALSE,TRUE,2021-03-02 11:15:39,,,02:34,
342,1,Full Package (Audio Slide),Shatta Wale,TRUE,FALSE,2021-02-26 15:00:14,,,03:03,
343,1,Violence (Audio Slide) Ghana Way ???? ??????????,Shatta Wale,TRUE,FALSE,2021-02-25 21:12:53,,,01:22,
344,1,Don’T Call Mom (Audio Slide),Shatta Wale,TRUE,FALSE,2021-02-25 17:28:15,,,03:29,
345,1,Full Up (Viral Video),Shatta Wale,FALSE,TRUE,2021-02-24 23:01:31,,,01:09,
346,1,Kill Fi Fun (Audio Slide),Shatta Wale,TRUE,FALSE,2021-02-24 20:48:23,,,02:55,
347,1,Un Announcement 2 (Audio Slide ),Shatta Wale,TRUE,FALSE,2021-02-24 03:50:06,,,02:39,
348,1,Un General Announcement (Audio Slide),Shatta Wale,TRUE,FALSE,2021-02-23 18:38:52,,,02:02,
349,1,Dem Dead (Audio Slide),Shatta Wale,TRUE,FALSE,2021-02-21 19:10:16,,,02:32,
350,1,Lift (Viral Video),Shatta Wale,FALSE,TRUE,2021-02-20 21:03:09,,,03:07,
351,1,Real (Audio Slide),Shatta Wale,TRUE,FALSE,2021-02-19 20:15:04,,,03:10,
352,1,Lift (Audio Slide),Shatta Wale,TRUE,FALSE,2021-02-19 00:00:14,,,03:07,
353,1,Benzo (Audio Slide),Shatta Wale,TRUE,FALSE,2021-02-01 07:11:00,,,02:58,
354,1,Mad Ting Ft. Captan (Official Video),Shatta Wale,TRUE,FALSE,2021-01-29 15:00:14,,,02:47,
355,1,@Shattawalegh - Azaa Ft. @Ypeebaakop3 (Official Video),Shatta Wale,FALSE,TRUE,2021-01-22 12:30:10,,,03:19,
356,1,Different Star (Studio Session Video),Shatta Wale,FALSE,TRUE,2021-01-17 08:13:16,,,04:28,
357,1,1 Don (Official Video),Shatta Wale,FALSE,TRUE,2021-01-11 01:00:11,,,03:42,
358,1,Hajia Bintu Ft. Ara B & Captan (Official Video),Shatta Wale,FALSE,TRUE,2020-12-25 03:51:52,,,03:26,
359,1,"Munga Honorable, Tifa, Party With The Stars (Audio Visual)",Shatta Wale,TRUE,FALSE,2020-12-23 19:59:02,,,04:01,
360,1,Trust No Telephone (Audio Slide),Shatta Wale,TRUE,FALSE,2020-12-22 08:09:44,,,03:26,
361,1,"Ahodwo Las Vegas Ft. Kofi Jamar, K. Flick, Phrimpong, Phaize, K. Paluta, Amerado, Ypee",Shatta Wale,TRUE,FALSE,2020-12-19 16:00:10,,,08:52,
362,1,Choppings (Viral),Shatta Wale,FALSE,TRUE,2020-11-27 16:40:56,,,03:35,
363,1,Azaa Ft. Ypee (Audio Slide),Shatta Wale,TRUE,FALSE,2020-11-15 18:00:10,,,03:19,
364,1,Power (Audio Slide),Shatta Wale,TRUE,FALSE,2020-10-28 17:57:29,,,03:09,
365,1,Brain Wire (Freestyle),Shatta Wale,TRUE,FALSE,2020-10-27 06:29:30,,,02:10,
366,1,Top Gyallis Day (Audio Slide),Shatta Wale,TRUE,FALSE,2020-10-26 06:45:31,,,02:57,
367,1,Success Tomorrow (Audio Slide ),Shatta Wale,TRUE,FALSE,2020-10-14 19:17:49,,,03:42,
368,1,P.I.C. [Partner In Crime] (Audio Slide),Shatta Wale,TRUE,FALSE,2020-10-13 18:27:55,,,03:03,
369,1,Fuck Sars (Audio Slide),Shatta Wale,TRUE,FALSE,2020-10-11 22:32:54,,,03:00,
370,1,Shuru (Audio Slide),Shatta Wale,TRUE,FALSE,2020-10-07 00:12:07,,,03:10,
371,1,Bad Man Starring Efia Odo (Official Video),Shatta Wale,FALSE,TRUE,2020-09-25 01:09:19,,,03:30,
372,1,Instinct Road (Viral Video ),Shatta Wale,TRUE,FALSE,2020-09-22 10:21:01,,,03:51,
373,1,Brutally Honest (Audio Slide),Shatta Wale,TRUE,FALSE,2020-09-19 07:38:36,,,03:29,
374,1,I Am Made In Ghana (Audio Slide),Shatta Wale,TRUE,FALSE,2020-09-18 09:47:44,,,03:19,
375,1,Kill And Gone (Audio Slide),Shatta Wale,TRUE,FALSE,2020-09-16 15:45:24,,,02:33,
376,1,Automatically (Audio Slide),Shatta Wale,TRUE,FALSE,2020-09-14 18:23:59,,,03:20,
377,1,Rookie (Audio Slide),Shatta Wale,TRUE,FALSE,2020-09-02 06:07:22,,,02:46,
378,1,Kumerica (Audio Slide),Shatta Wale,TRUE,FALSE,2020-08-28 08:00:12,,,02:19,
379,1,Who Tell You? (Audio Slide),Shatta Wale,TRUE,FALSE,2020-08-23 16:30:09,,,03:29,
380,1,Differen Star?? (Audio Slide),Shatta Wale,TRUE,FALSE,2020-07-16 19:11:47,,,02:51,
381,1,So Long (Audio Slide),Shatta Wale,TRUE,FALSE,2020-07-14 23:56:59,,,02:47,
382,1,Miss Money Ft. Medikal (Audio Slide),Shatta Wale,TRUE,FALSE,2020-07-04 06:45:16,,,03:22,
383,1,Where I Come From (Audio Slide),Shatta Wale,TRUE,FALSE,2020-06-26 10:17:45,,,03:38,
384,1,Dweet Dirty (Audio Slide),Shatta Wale,TRUE,FALSE,2020-06-14 22:27:28,,,02:47,
385,1,Your Life (Audio Slide),Shatta Wale,TRUE,FALSE,2020-06-12 11:57:02,,,03:37,
386,1,Greatest (Official Video),Shatta Wale,FALSE,TRUE,2020-06-09 23:30:44,,,03:13,
387,1,Greatest (Audio Slide),Shatta Wale,TRUE,FALSE,2020-05-26 15:56:24,,,03:19,
388,1,Sleepless Night (Official Video),Shatta Wale,TRUE,FALSE,2020-05-20 18:00:20,,,04:01,
389,1,Infinity [Michy Birthday] (Audio Slide),Shatta Wale,TRUE,FALSE,2020-05-06 18:19:21,,,03:22,
390,1,Sleepless Night (Audio Slide),Shatta Wale,TRUE,FALSE,2020-04-28 06:34:05,,,04:11,
391,1,Lyrical Tatoo (Audio Slide),Shatta Wale,TRUE,FALSE,2020-04-27 00:41:19,,,03:29,
392,1,Alien (Audio Slide),Shatta Wale,TRUE,FALSE,2020-04-25 08:37:07,,,02:53,
393,1,Ama Rita (Audio Slide),Shatta Wale,TRUE,FALSE,2020-04-24 21:17:28,,,02:28,
394,1,Sweet Palava (Audio Slide),Shatta Wale,TRUE,FALSE,2020-04-24 12:31:28,,,03:07,
395,1,Fapimso (Audio Slide),Shatta Wale,TRUE,FALSE,2020-04-22 07:00:13,,,02:40,
396,6,Street Nigga (Audio Slide),Shatta Wale,TRUE,FALSE,2020-04-17 00:15:10,,,03:05,
397,6,Stand Tuff (Audio Slide),Shatta Wale,TRUE,FALSE,2020-04-17 00:15:10,,,02:42,
398,6,One Day (Audio Slide),Shatta Wale,TRUE,FALSE,2020-04-17 00:15:10,,,02:58,
399,6,Big Toys (Audio Slide),Shatta Wale,TRUE,FALSE,2020-04-17 00:15:10,,,03:04,
400,6,Book Of Psalms (Audio Slide),Shatta Wale,TRUE,FALSE,2020-04-17 00:15:10,,,03:27,
401,6,Fan Fool (Audio Slide),Shatta Wale,TRUE,FALSE,2020-04-17 00:15:09,,,02:49,
402,6,Knock Lock (Audio Slide),Shatta Wale,TRUE,FALSE,2020-04-17 00:15:08,,,03:02,
403,1,Future Dollar (Audio Slide),Shatta Wale,TRUE,FALSE,2020-04-11 08:45:27,,,03:54,
404,1,Stars And Space (Animation Video),Shatta Wale,FALSE,TRUE,2020-04-03 13:33:10,,,03:03,
405,1,April Fool (Animation Video),Shatta Wale,FALSE,TRUE,2020-04-02 11:40:06,,,02:26,
406,1,April Fool (Audio Slide),Shatta Wale,TRUE,FALSE,2020-04-01 04:42:43,,,02:26,
407,1,Destiny (Official Audio),Shatta Wale,TRUE,FALSE,2020-03-20 19:51:05,,,02:49,
408,1,Scumbag (Audio Slide),Shatta Wale,TRUE,FALSE,2020-03-15 08:30:27,,,03:44,
409,1,Stars And Space (Audio Slide),Shatta Wale,TRUE,FALSE,2020-03-11 13:02:56,,,03:03,
410,1,Shatta Wale & Militants - Chacha (Official Video),Shatta Wale,FALSE,TRUE,2020-03-11 01:00:12,,,04:06,
411,1,Little Tip [Sarkodie Diss] (Audio Slide),Shatta Wale,TRUE,FALSE,2020-03-01 02:33:23,,,03:03,
412,1,Zion (Audio Slide),Shatta Wale,TRUE,FALSE,2020-02-26 23:32:41,,,03:47,
413,1,Cough Cough (Teaser),Shatta Wale,TRUE,FALSE,2020-02-26 10:03:11,,,00:30,
414,1,Horny [Animation Video],Shatta Wale,TRUE,FALSE,2020-02-23 05:06:26,,,03:31,
415,1,Horny (Audio Slide),Shatta Wale,TRUE,FALSE,2020-02-16 04:07:38,,,03:31,
416,1,"Chacha Ft. Addi Self, Captan & Natty Lee [Sm Militants] (Audio Slide)",Shatta Wale,TRUE,FALSE,2020-02-16 04:06:15,,,02:58,
417,1,Save Her Heart (Audio Slide),Shatta Wale,TRUE,FALSE,2020-02-14 13:52:10,,,02:55,
418,1,The Ban (Pantang) [Audio Slide],Shatta Wale,TRUE,FALSE,2020-02-12 20:12:24,,,03:40,
419,1,Stay Kool (Audio Slide),Shatta Wale,TRUE,FALSE,2020-02-02 12:40:34,,,03:35,
420,1,Top Speed (Official Video),Shatta Wale,TRUE,FALSE,2020-01-31 09:15:09,,,03:26,
421,1,Akwele Take (Official Video),Shatta Wale,FALSE,TRUE,2020-01-10 01:22:53,,,03:21,
422,1,Bronya (Audio Slide),Shatta Wale,TRUE,FALSE,2019-12-18 07:11:29,,,03:11,
423,1,Time No Dey (Official Video),Shatta Wale,FALSE,TRUE,2019-11-29 15:00:12,,,03:50,
424,1,Dem Turn To Beans (Audio Slide),Shatta Wale,TRUE,FALSE,2019-11-28 22:12:21,,,03:39,
425,1,Sm Assasin (Audio Slide),Shatta Wale,TRUE,FALSE,2019-11-27 13:00:12,,,01:59,
426,1,No Look (Audio Slide),Shatta Wale,TRUE,FALSE,2019-11-22 18:13:52,,,03:15,
427,1,I Hate Nonsense (Audio Slide),Shatta Wale,TRUE,FALSE,2019-11-16 06:40:32,,,02:49,
428,1,Borjor (Official Video),Shatta Wale,FALSE,TRUE,2019-10-17 13:46:28,,,02:48,
429,1,The Prophecy (Official Video),Shatta Wale,TRUE,FALSE,2019-10-10 23:37:46,,,03:18,
430,1,Addi Self X Captan X Natty Lee - Boss Wife (Audio Slide),Shatta Wale,TRUE,FALSE,2019-10-04 15:00:10,,,03:14,
431,1,The Prophecy (Audio Slide),Shatta Wale,TRUE,FALSE,2019-09-28 19:33:28,,,03:08,
432,1,Joint 77 - Front Page (Audio Slide),Shatta Wale,TRUE,FALSE,2019-09-11 04:45:09,,,02:51,
433,1,Addi Self - Trust Your Love (Lyrics Video),Shatta Wale,TRUE,FALSE,2019-09-08 16:46:20,,,02:51,
434,1,Captan - Overdose (Audio Slide),Shatta Wale,TRUE,FALSE,2019-09-04 15:15:09,,,02:35,
435,1,Addi Self - Trust Your Love (Audio Slide),Shatta Wale,TRUE,FALSE,2019-09-02 12:34:13,,,02:51,
436,1,Natty Lee - Olympics (Official Video),Shatta Wale,FALSE,TRUE,2019-08-20 12:54:20,,,02:53,
437,7,Be Afraid (Lyrics Video),Shatta Wale,TRUE,FALSE,2019-07-26 11:52:22,,,03:35,
438,7,Melissa (Official Video),Shatta Wale,TRUE,FALSE,2019-07-24 17:10:16,,,03:05,
439,1,Burial & Memeorial Of Buffalo Souljah (Part 2 Diss) Audio Slide],Shatta Wale,TRUE,FALSE,2019-07-13 23:20:20,,,01:43,
440,1,Fool Boy (Diss To Buffalo Souljah) [Audio Slide],Shatta Wale,TRUE,FALSE,2019-07-06 22:34:34,,,01:41,
441,1,Anonymous Man (Audio Slide),Shatta Wale,TRUE,FALSE,2019-07-06 16:06:16,,,02:31,
442,7,Melissa (Audio Slide),Shatta Wale,TRUE,FALSE,2019-07-04 15:37:29,,,03:05,
443,1,What Deh Go On (Audio Slide),Shatta Wale,TRUE,FALSE,2019-07-03 10:31:46,,,03:33,
444,1,"2 Pah Pah (100, 000) [Audio Slide]",Shatta Wale,TRUE,FALSE,2019-07-02 19:47:00,,,03:02,
445,1,Tournament [Ghana Black Stars Remix] (Audio Slide),Shatta Wale,TRUE,FALSE,2019-06-29 18:46:37,,,03:20,
446,1,Dem Possess (Audio Slide),Shatta Wale,TRUE,FALSE,2019-06-20 03:05:15,,,03:03,
447,1,Kpokpomi (Audio Slide),Shatta Wale,TRUE,FALSE,2019-06-18 10:07:15,,,03:12,
448,1,New Formula (Audio Slide),Shatta Wale,TRUE,FALSE,2019-06-17 15:41:24,,,02:33,
449,1,Congratulate (Audio Slide),Shatta Wale,TRUE,FALSE,2019-06-17 15:16:37,,,03:48,
450,1,God Is Alive (Official Video),Shatta Wale,FALSE,TRUE,2019-06-16 00:49:22,,,03:23,
451,1,Natty Lee - Olympics (Audio Slide),Shatta Wale,TRUE,FALSE,2019-06-13 00:16:41,,,02:46,
452,1,Do Am For Me (Audio Slide),Shatta Wale,TRUE,FALSE,2019-05-25 23:35:42,,,02:57,
453,1,God Is Alive (Audio Slide),Shatta Wale,TRUE,FALSE,2019-05-21 14:46:18,,,03:22,
454,1,Miami Heights,Shatta Wale,FALSE,TRUE,2019-05-12 22:06:14,,,03:25,
455,1,Holy Man (Audio Slide),Shatta Wale,TRUE,FALSE,2019-05-10 18:53:45,,,03:04,
456,1,Swizz Bank (Official Video),Shatta Wale,TRUE,FALSE,2019-05-09 14:59:00,,,03:17,
457,1,Swizz Bank,Shatta Wale,FALSE,TRUE,2019-05-01 03:14:43,,,03:21,
458,1,Changer (Audio Slide),Shatta Wale,TRUE,FALSE,2019-04-28 11:04:08,,,02:43,
459,1,Hausa Koko (Audio Slide),Shatta Wale,TRUE,FALSE,2019-04-25 18:22:54,,,03:19,
460,1,Weekend Love (Lyric Video),Shatta Wale,TRUE,FALSE,2019-04-21 20:33:45,,,03:18,
461,1,Weekend Love,Shatta Wale,FALSE,TRUE,2019-04-21 14:32:19,,,03:19,
462,1,Packaging Ft. Medikal (Audio Slide),Shatta Wale,TRUE,FALSE,2019-04-20 11:07:04,,,03:50,
463,1,Addi Self - Future Picture (Official Video),Shatta Wale,FALSE,TRUE,2019-04-15 21:32:54,,,02:51,
464,1,Store Room (Official Video),Shatta Wale,TRUE,FALSE,2019-04-01 00:43:59,,,02:57,
465,7,Ay3 Halfcast (Audio Slide),Shatta Wale,TRUE,FALSE,2019-03-29 17:57:43,,,03:04,
466,1,Captan - Two Sure (Official Audio),Shatta Wale,TRUE,FALSE,2019-03-21 00:07:57,,,02:44,
467,1,When You Fail,Shatta Wale,FALSE,TRUE,2019-03-20 13:53:07,,,03:02,
468,1,Campaign (Official Audio),Shatta Wale,TRUE,FALSE,2019-03-18 10:42:33,,,03:08,
469,1,Nepa (Official Audio),Shatta Wale,TRUE,FALSE,2019-03-15 17:23:23,,,03:01,
470,1,Joint 77 - Slay Queen (Audio Slide),Shatta Wale,TRUE,FALSE,2019-03-14 17:23:15,,,02:44,
471,1,Kaakaa Motobi,Shatta Wale,TRUE,FALSE,2019-03-13 14:34:12,,,03:32,
472,1,Addi Self - Future Picture (Audio Slide),Shatta Wale,TRUE,FALSE,2019-03-10 16:22:11,,,02:49,
473,1,Big God Ft. Natty Lee (Audio Slide),Shatta Wale,TRUE,FALSE,2019-03-08 23:07:49,,,03:10,
474,1,Oko Niko Ft. Natty Lee (Audio Slide),Shatta Wale,TRUE,FALSE,2019-03-08 18:40:03,,,03:28,
475,1,Juju,Shatta Wale,TRUE,FALSE,2019-03-07 06:21:25,,,03:10,
476,1,Deliver Me (Audio Slide),Shatta Wale,TRUE,FALSE,2019-03-06 20:39:44,,,02:50,
477,7,Only One Man (Audio Slide),Shatta Wale,TRUE,FALSE,2019-03-05 10:10:48,,,03:20,
478,1,Round 3 (Audio Slide),Shatta Wale,TRUE,FALSE,2019-03-03 19:44:20,,,03:21,
479,9,Crazy (Official Video),Shatta Wale,TRUE,FALSE,2019-02-21 17:34:15,,,03:33,
480,1,Signboard (Audio Slide),Shatta Wale,TRUE,FALSE,2019-02-19 01:48:15,,,02:51,
481,1,"Shatta Wale, 9Tyz - Shatta With 9 - (Lyrics Video)",Shatta Wale,FALSE,TRUE,2019-02-14 14:23:20,,,04:10,
482,1,Like Jesus [Willie Roi Tribute] (Audio Slide),Shatta Wale,TRUE,FALSE,2019-02-13 20:54:21,,,03:24,
483,1,Heavy Load [Conquer Paradise Riddim] (Audio Slide),Shatta Wale,TRUE,FALSE,2019-02-05 21:49:20,,,03:16,
484,1,Island (Official Video),Shatta Wale,TRUE,FALSE,2019-02-02 01:16:22,,,04:12,
485,1,Life Be Time Ft. Tinny (Audio Slide),Shatta Wale,TRUE,FALSE,2019-02-01 20:34:16,,,03:11,
486,1,Addi Self - Born Bad (Official Video),Shatta Wale,FALSE,TRUE,2019-01-24 12:34:19,,,02:15,
487,1,Road Trip To The Treasure Island,Shatta Wale,FALSE,TRUE,2019-01-18 20:42:33,,,01:01,
488,1,Island (Official Lyrics Video),Shatta Wale,TRUE,FALSE,2019-01-01 06:08:03,,,03:31,
489,1,2019 (Audio Slide),Shatta Wale,TRUE,FALSE,2018-12-31 21:24:48,,,03:03,
490,1,Paq - Kumchacha Ft. Shatta Wale (Audio Slide),Shatta Wale,TRUE,FALSE,2018-12-28 10:28:36,,,03:15,
491,1,Sika Y3D3 (Audio Slide),Shatta Wale,TRUE,FALSE,2018-12-24 14:25:32,,,03:10,
492,1,Aduro (Audio Slide),Shatta Wale,TRUE,FALSE,2018-12-24 14:21:54,,,04:19,
493,1,Only Dem (Viral Video),Shatta Wale,FALSE,TRUE,2018-12-22 17:30:54,,,03:04,
494,1,Teddy The Doll (Audio Slide),Shatta Wale,TRUE,FALSE,2018-12-18 17:57:15,,,01:57,
495,1,Drama King (Audio Slide),Shatta Wale,TRUE,FALSE,2018-12-17 08:38:43,,,02:20,
496,1,My Level (Official Video),Shatta Wale,TRUE,FALSE,2018-12-09 00:45:04,,,03:03,
497,1,Sm Cultural Anthem (Audio Slide),Shatta Wale,TRUE,FALSE,2018-11-15 06:26:37,,,03:24,
498,8,Asylum Money (Viral Video),Shatta Wale,FALSE,TRUE,2018-11-11 23:32:26,,,03:12,
499,1,Paq X Anointing (Audio Slide),Shatta Wale,TRUE,FALSE,2018-11-10 06:37:28,,,03:16,
500,1,Shatta Michy - Spend Di Money (Official Video),Shatta Wale,TRUE,FALSE,2018-11-08 08:42:54,,,03:05,
501,1,What Is Coming (Rihanna Love On The Brain Cover) [Viral Video],Shatta Wale,FALSE,TRUE,2018-11-06 16:21:57,,,01:12,
502,1,Paq X Y3Koom [Street Version] (Audio Slide),Shatta Wale,TRUE,FALSE,2018-11-03 05:09:42,,,02:41,
503,1,Paq X Y3Koom [Radio Version] (Audio Slide),Shatta Wale,TRUE,FALSE,2018-11-03 05:00:33,,,02:41,
504,1,Addi Self X Captan - Hater Bye (Audio Slide),Shatta Wale,TRUE,FALSE,2018-10-29 04:34:36,,,02:21,
505,1,Satanic (Animation Video),Shatta Wale,FALSE,TRUE,2018-10-26 12:54:12,,,03:24,
506,1,Mind Made Up (Official Video),Shatta Wale,FALSE,TRUE,2018-10-10 11:15:21,,,02:58,
507,1,War Ft. Addi Self (Audio Slide),Shatta Wale,TRUE,FALSE,2018-10-02 04:59:52,,,03:06,
508,1,Natty Lee - You Lied (Viral Video),Shatta Wale,FALSE,TRUE,2018-10-01 02:39:36,,,02:20,
509,1,Natty Lee - You Lied (Audio Slide),Shatta Wale,TRUE,FALSE,2018-10-01 02:33:09,,,02:36,
510,1,Thunder Fire Ft. Sm Militants (Official Video),Shatta Wale,FALSE,TRUE,2018-09-25 13:40:22,,,03:44,
511,1,Alakpator (Audio Slide),Shatta Wale,TRUE,FALSE,2018-09-24 00:51:30,,,03:27,
512,1,Shatta Michy - Spend Di Money (Audio Slide),Shatta Wale,TRUE,FALSE,2018-09-21 22:16:51,,,03:03,
513,1,My Level (Audio Slide),Shatta Wale,TRUE,FALSE,2018-09-09 19:09:51,,,02:45,
514,1,Aye (Audio Slide),Shatta Wale,TRUE,FALSE,2018-08-24 08:32:59,,,03:40,
515,1,Tomorrow Tomorrow (Audio Slide),Shatta Wale,TRUE,FALSE,2018-08-23 08:51:54,,,03:34,
516,1,Freestyle Parade (Viral Video),Shatta Wale,FALSE,TRUE,2018-08-10 08:59:17,,,02:39,
517,1,Natty Lee - Sexy Police (Audio Slide),Shatta Wale,TRUE,FALSE,2018-07-28 15:06:53,,,03:14,
518,1,Deestar [Duke D2] - God Of Favor (Audio Slide),Shatta Wale,TRUE,FALSE,2018-07-28 14:21:09,,,03:26,
519,1,Testimony (Audio Slide),Shatta Wale,TRUE,FALSE,2018-07-28 14:12:08,,,02:51,
520,1,Captan - By The Lead (Audio Slide),Shatta Wale,TRUE,FALSE,2018-07-12 16:34:07,,,03:50,
521,1,Man Like Me [Holocaust Riddim] (Audio Slide),Shatta Wale,TRUE,FALSE,2018-06-21 11:17:56,,,02:53,
522,1,Chocolate Love (Audio Slide),Shatta Wale,TRUE,FALSE,2018-06-03 20:39:00,,,03:01,
523,1,Cash Life (Audio Slide),Shatta Wale,TRUE,FALSE,2018-06-03 20:31:25,,,02:40,
524,1,Thunder Fire Ft. Sm Militants (Audio Slide),Shatta Wale,TRUE,FALSE,2018-05-31 17:19:34,,,03:42,
525,1,Addi Self - Born Bard (Audio Slide),Shatta Wale,TRUE,FALSE,2018-05-04 13:01:35,,,02:10,
526,9,Gringo (Official Video),Shatta Wale,TRUE,FALSE,2018-04-27 20:03:18,,,07:07,
527,9,Gringo (Audio Slide),Shatta Wale,TRUE,FALSE,2018-04-27 12:00:14,,,01:45,
528,1,Dukui (Audio Slide),Shatta Wale,TRUE,FALSE,2018-04-23 21:22:29,,,03:16,
529,1,All Eyes On Me (Audio Slide),Shatta Wale,TRUE,FALSE,2018-04-22 14:13:13,,,03:15,
530,1,419 (Audio Slide),Shatta Wale,TRUE,FALSE,2018-04-18 17:29:55,,,03:22,
531,1,Economy (Audio Slide),Shatta Wale,TRUE,FALSE,2018-04-16 12:25:43,,,03:21,
532,1,Money Matters Ft. Dammy Krane (Audio Slide),Shatta Wale,TRUE,FALSE,2018-04-16 12:23:43,,,04:30,
533,1,Performer (Audio Slide),Shatta Wale,TRUE,FALSE,2018-04-11 15:55:50,,,03:28,
534,1,Addi Self - Diana (Audio Slide),Shatta Wale,TRUE,FALSE,2018-04-07 08:22:40,,,03:10,
535,1,Militantz - Matter Ft. Shatta Wale (Audio Slide),Shatta Wale,TRUE,FALSE,2018-03-27 06:16:51,,,03:59,
536,1,No Mercy For The Cripple [Stonebwoy Diss] (Audio Slide),Shatta Wale,TRUE,FALSE,2018-03-26 04:38:37,,,03:14,
537,1,Shito (Audio Slide),Shatta Wale,TRUE,FALSE,2018-03-06 15:10:56,,,03:12,
538,1,Shatta Wale – Storm (Audio Slide),Shatta Wale,TRUE,FALSE,2018-02-27 19:06:16,,,03:16,
539,1,Shatta Wale – Ego Taya Dem (Audio Slide),Shatta Wale,TRUE,FALSE,2018-02-21 03:34:48,,,03:51,
540,1,Bullet Proof (Official Video),Shatta Wale,FALSE,TRUE,2018-02-14 08:00:03,,,03:34,
541,1,Duke D2 - Something Ft. Ahkan (Ruff N Smooth),Shatta Wale,TRUE,FALSE,2018-02-05 04:28:02,,,03:09,
542,1,Zylofon (Audio Slide),Shatta Wale,TRUE,FALSE,2018-02-02 04:29:41,,,03:36,
543,1,Shatta Michy - Cheating (Official Video),Shatta Wale,FALSE,TRUE,2018-01-24 23:03:11,,,05:01,
544,1,Shatta Wale – Pray (Audio Slide),Shatta Wale,TRUE,FALSE,2018-01-22 15:28:38,,,03:29,
545,1,Addi Self - Today Too (Official Video),Shatta Wale,FALSE,TRUE,2018-01-20 00:36:35,,,03:12,
546,1,Captan - Don'T Complain (Official Video),Shatta Wale,FALSE,TRUE,2018-01-19 20:42:27,,,03:14,
547,1,Natty Lee - Roman Father Ft. Shatta Wale (Audio Slide),Shatta Wale,TRUE,FALSE,2018-01-19 20:01:48,,,02:58,
548,1,Joint 77 - Otophista (Official Video),Shatta Wale,FALSE,TRUE,2018-01-19 19:33:24,,,03:51,
549,1,Shatta Michy - Cheating (Audio Slide),Shatta Wale,TRUE,FALSE,2018-01-03 10:21:23,,,04:15,
550,1,Nobody Go Talk (Official Video),Shatta Wale,FALSE,TRUE,2017-12-15 23:09:23,,,03:31,
551,1,Shatta Wale – Commander Bush (Audio Slide),Shatta Wale,TRUE,FALSE,2017-12-06 04:22:24,,,03:14,
552,1,Shatta Wale – Libya (Audio Slide),Shatta Wale,TRUE,FALSE,2017-12-06 04:17:58,,,02:03,
553,1,Shatta Wale – Dancehall Landlord (Audio Slide),Shatta Wale,TRUE,FALSE,2017-12-06 04:15:28,,,03:04,
554,1,Libya (Viral Video),Shatta Wale,FALSE,TRUE,2017-11-29 15:34:49,,,02:00,
555,1,"Inna Mi Corner (Popcaan Riddim) Ft. Addi Self, Captan & Rysto",Shatta Wale,TRUE,FALSE,2017-11-28 03:51:27,,,04:17,
556,1,Timaya (Audio Slide),Shatta Wale,TRUE,FALSE,2017-11-27 14:31:30,,,03:49,
557,1,Shatta Wale – Satan Company (Audio Slide),Shatta Wale,TRUE,FALSE,2017-11-25 15:54:39,,,03:37,
558,1,Oluwa Is My Boss (Audio Slide),Shatta Wale,TRUE,FALSE,2017-11-24 11:50:33,,,03:25,
559,1,Patoranking (Audio Slide),Shatta Wale,TRUE,FALSE,2017-11-18 04:54:21,,,03:00,
560,1,Dancehall Landlord [Diss To Patoranking & Timaya] (Audio Slide),Shatta Wale,TRUE,FALSE,2017-11-16 14:22:13,,,03:04,
561,1,Disaster (Audio Slide),Shatta Wale,TRUE,FALSE,2017-11-16 13:56:18,,,03:31,
562,1,Oh Ghana (Audio Slide),Shatta Wale,TRUE,FALSE,2017-11-15 02:26:09,,,02:39,
563,1,Korle Bu (Audio Slide),Shatta Wale,TRUE,FALSE,2017-11-13 04:44:50,,,03:41,
564,1,Rado Rado (Audio Slide),Shatta Wale,TRUE,FALSE,2017-11-13 04:44:50,,,04:18,
565,1,Handle It (Audio Slide),Shatta Wale,TRUE,FALSE,2017-11-13 04:44:50,,,03:34,
566,1,Diamond (Audio Slide),Shatta Wale,TRUE,FALSE,2017-11-13 04:44:50,,,03:12,
567,1,Shame On You (Audio Slide),Shatta Wale,TRUE,FALSE,2017-11-13 04:44:49,,,03:18,
568,1,Star Bwoy (Audio Slide),Shatta Wale,TRUE,FALSE,2017-11-13 04:44:49,,,03:01,
569,1,Star Boy (Viral Video),Shatta Wale,FALSE,TRUE,2017-11-01 22:30:51,,,04:19,
570,1,Nobody Go Talk (Audio Slide),Shatta Wale,TRUE,FALSE,2017-10-26 16:13:04,,,03:31,
571,1,Life Changer (Official Video),Shatta Wale,FALSE,TRUE,2017-10-25 15:38:20,,,04:10,
572,1,See Da Fool (Audio Slide),Shatta Wale,TRUE,FALSE,2017-10-18 04:53:05,,,04:24,
573,1,Never Plan For This (Audio Slide),Shatta Wale,TRUE,FALSE,2017-10-17 15:27:17,,,04:05,
574,1,My Frenz' In (Audio Slide),Shatta Wale,TRUE,FALSE,2017-10-17 15:21:01,,,03:40,
575,1,Feel So Stupid (Audio Slide),Shatta Wale,TRUE,FALSE,2017-10-17 15:15:18,,,03:29,
576,1,Shit Is Lit (Audio Slide),Shatta Wale,TRUE,FALSE,2017-10-17 14:56:36,,,03:29,
577,1,Grow Bad (Audio Slide),Shatta Wale,TRUE,FALSE,2017-10-17 14:47:02,,,03:29,
578,1,Just Make Da Money (Audio Slide),Shatta Wale,TRUE,FALSE,2017-10-17 14:21:52,,,03:29,
579,1,Feel So Stupid (Official Video),Shatta Wale,FALSE,TRUE,2017-10-17 00:32:28,,,03:43,
580,1,Birthday Skit (Audio Slide),Shatta Wale,TRUE,FALSE,2017-10-16 11:29:59,,,01:37,
581,1,Stop Landguard (Audio Slide),Shatta Wale,TRUE,FALSE,2017-10-16 11:28:36,,,03:48,
582,1,Freedom (Audio Slide),Shatta Wale,TRUE,FALSE,2017-10-08 02:03:38,,,03:14,
583,1,Captan - Don'T Complain (Audio Slide),Shatta Wale,TRUE,FALSE,2017-10-05 14:33:59,,,03:14,
584,1,Ashiaman (Audio Slide),Shatta Wale,TRUE,FALSE,2017-10-05 14:26:51,,,01:19,
585,1,Joint 77 - Otophista (Audio Slide),Shatta Wale,TRUE,FALSE,2017-10-05 14:24:25,,,03:43,
586,1,Mkportor Kportor [Mud] (Audio Slide),Shatta Wale,TRUE,FALSE,2017-10-05 14:15:24,,,03:43,
587,1,Affi Di Money [Training Wheel Riddim] (Audio Slide),Shatta Wale,TRUE,FALSE,2017-10-05 14:03:34,,,02:15,
588,1,If Its A Game (Audio Slide),Shatta Wale,TRUE,FALSE,2017-10-05 04:54:48,,,02:15,
589,1,"Shatta Wale, Addi Self & Captan - Gangster Check Medley (Audio Slide)",Shatta Wale,TRUE,FALSE,2017-10-05 04:52:21,,,03:14,
590,1,Shatta Wale X Mr Eazi - Haters (Audio Slide),Shatta Wale,TRUE,FALSE,2017-09-23 20:39:25,,,02:48,
591,1,Black Friday (Audio Slide),Shatta Wale,TRUE,FALSE,2017-09-23 20:36:17,,,03:38,
592,1,Shatta Wale – M3Gya Agbagba [I Try] (Audio Slide),Shatta Wale,TRUE,FALSE,2017-09-23 19:39:43,,,03:06,
593,1,Addi Self - Today Too (Audio Slide),Shatta Wale,TRUE,FALSE,2017-09-23 19:36:20,,,03:07,
594,1,Duna (Audio Slide),Shatta Wale,TRUE,FALSE,2017-09-23 19:36:20,,,04:12,
595,1,Hater Gone (Audio Slide),Shatta Wale,TRUE,FALSE,2017-09-13 18:53:51,,,03:16,
596,1,Must Get Rich (Audio Slide),Shatta Wale,TRUE,FALSE,2017-09-13 18:51:07,,,02:50,
597,1,F.U.Ck.I.N.G (Audio Slide),Shatta Wale,TRUE,FALSE,2017-09-13 18:49:19,,,02:55,
598,1,Inna Dancehall [Rave Riddim] (Official Video),Shatta Wale,FALSE,TRUE,2017-09-01 10:32:09,,,03:27,
599,1,My Queen Ft. Aidonia (Audio Slide),Shatta Wale,TRUE,FALSE,2017-08-29 19:55:12,,,03:13,
600,1,Fool Is The Last To Know (Official Video),Shatta Wale,FALSE,TRUE,2017-08-12 19:20:55,,,03:51,
601,1,Dem Confuse (Official Video),Shatta Wale,FALSE,TRUE,2017-08-07 09:01:52,,,03:59,
602,1,Control Ghana Ft. Addi Self & Captan (Audio Slide),Shatta Wale,TRUE,FALSE,2017-08-06 02:12:12,,,04:04,
603,1,Mayatra Ft. Pope Skinny (Official Video),Shatta Wale,FALSE,TRUE,2017-08-05 17:55:11,,,03:30,
604,1,Dance Baby [Savage Life Riddim] (Audio Slide),Shatta Wale,TRUE,FALSE,2017-07-30 02:20:25,,,03:17,
605,1,Bag A Money (Audio Slide),Shatta Wale,TRUE,FALSE,2017-07-30 01:56:28,,,02:31,
606,1,It'S My Life [Sarkodie Diss] (Audio Slide),Shatta Wale,TRUE,FALSE,2017-07-24 02:30:05,,,03:39,
607,1,Lousika - D3D33De (Official Video),Shatta Wale,FALSE,TRUE,2017-07-14 10:45:24,,,03:47,
608,1,Neighborhood Hero (Audio Slide),Shatta Wale,TRUE,FALSE,2017-07-06 13:50:31,,,03:02,
609,1,Waitti (Audio Slide),Shatta Wale,TRUE,FALSE,2017-07-05 18:47:56,,,03:02,
610,1,Bulletproof (Audio Slide),Shatta Wale,TRUE,FALSE,2017-07-01 03:41:06,,,03:02,
611,1,Penalty (Audio Slide),Shatta Wale,TRUE,FALSE,2017-06-27 20:59:57,,,03:32,
612,1,4Lyf Mi Sey (Audio Slide),Shatta Wale,TRUE,FALSE,2017-06-25 13:58:12,,,03:32,
613,1,Shut Up Ft. Pope Skinny (Audio Slide),Shatta Wale,TRUE,FALSE,2017-06-22 03:55:05,,,03:05,
614,1,These Times (Audio Slide),Shatta Wale,TRUE,FALSE,2017-06-22 03:26:41,,,02:58,
615,1,Tamale (Audio Slide),Shatta Wale,TRUE,FALSE,2017-06-22 03:25:58,,,04:07,
616,1,Magazine Release (Audio Slide),Shatta Wale,TRUE,FALSE,2017-06-21 21:02:43,,,03:14,
617,1,Go Shordy Ft. Majesty & Shatta Michy (Audio Slide),Shatta Wale,TRUE,FALSE,2017-06-19 11:59:32,,,03:47,
618,1,Lousika Ft. Opampam (Official Video),Shatta Wale,FALSE,TRUE,2017-06-17 11:24:33,,,04:04,
619,1,Level (Audio Slide),Shatta Wale,TRUE,FALSE,2017-06-14 19:00:01,,,03:56,
620,1,Dancehall Girl (Explicit) [Audio Slide],Shatta Wale,TRUE,FALSE,2017-06-09 22:06:09,,,02:24,
621,1,Ma Chargie 100% (Audio Slide),Shatta Wale,TRUE,FALSE,2017-06-05 19:39:42,,,03:17,
622,1,Maxwell Adam Mahama [Justice For Mahama] (Audio Slide),Shatta Wale,TRUE,FALSE,2017-05-31 07:46:17,,,03:58,
623,1,"Forgetti Ft. Joint 77, Addi Self, Pope Skinny, Captan & Natty Lee (Official Video)",Shatta Wale,FALSE,TRUE,2017-05-31 03:16:03,,,03:58,
624,1,Victoria Ft. Duke D2 (Audio Slide),Shatta Wale,TRUE,FALSE,2017-05-26 00:10:22,,,03:16,
625,1,Bleed N Run (Audio Slide),Shatta Wale,TRUE,FALSE,2017-05-21 20:56:50,,,03:13,
626,1,Stop Talk (Audio Slide),Shatta Wale,TRUE,FALSE,2017-05-21 15:47:23,,,03:34,
627,1,Real Monster (Audio Slide),Shatta Wale,TRUE,FALSE,2017-05-19 12:58:31,,,04:56,
628,1,Shatta Wale – High Like Heaven (Audio Slide),Shatta Wale,TRUE,FALSE,2017-05-19 12:51:28,,,03:26,
629,1,My Guy (Audio Slide),Shatta Wale,TRUE,FALSE,2017-05-19 12:48:13,,,04:16,
630,1,Come Get Me (Audio Slide),Shatta Wale,TRUE,FALSE,2017-05-19 12:42:47,,,03:14,
631,1,Shatta Wale Ft Shatta Michy - Low Tempo (Official Video),Shatta Wale,FALSE,TRUE,2017-05-17 04:05:13,,,04:02,
632,1,Free We (Audio Slides),Shatta Wale,TRUE,FALSE,2017-05-16 21:19:18,,,04:34,
633,1,Hope (Audio Slide),Shatta Wale,TRUE,FALSE,2017-05-16 21:09:59,,,04:36,
634,1,You Shock Me (Audio Slide),Shatta Wale,TRUE,FALSE,2017-05-12 07:46:27,,,03:14,
635,1,Paper (Audio Slide),Shatta Wale,TRUE,FALSE,2017-05-12 07:43:27,,,02:57,
636,1,Adwoa Ft. Pope Skinny (Audio Slides),Shatta Wale,TRUE,FALSE,2017-05-11 17:25:55,,,03:16,
637,1,Dem Confuse (Audio Slide),Shatta Wale,TRUE,FALSE,2017-05-10 15:06:19,,,03:41,
638,1,Bandana (Shatta Wale) - Shatta City (Official Video),Shatta Wale,FALSE,TRUE,2017-05-10 15:03:57,,,03:08,
639,1,Too Late (Audio Slide),Shatta Wale,TRUE,FALSE,2017-05-10 14:46:32,,,04:45,
640,1,Umbrella (Official Video),Shatta Wale,FALSE,TRUE,2017-04-30 22:32:57,,,03:35,
641,1,Allo Ft. Kwaw Kese (Audio Slide),Shatta Wale,TRUE,FALSE,2017-04-26 20:32:12,,,04:03,
642,1,Bumper (Official Video),Shatta Wale,FALSE,TRUE,2017-04-25 23:25:40,,,03:36,
643,1,Caan Stop Me [Tanzanite Riddim] (Audio Slide),Shatta Wale,TRUE,FALSE,2017-04-06 18:58:58,,,02:53,
644,1,London Girls (Audio Slide),Shatta Wale,TRUE,FALSE,2017-03-31 21:27:57,,,03:30,
645,1,Ayoo (Official Video),Shatta Wale,FALSE,TRUE,2017-03-29 13:00:06,,,02:47,
646,1,"Taking Over Ft. Joint 77, Addi Self & Captan (Official Video",Shatta Wale,FALSE,TRUE,2017-03-16 20:18:55,,,03:46,
647,1,Comfortable Lead (Audio Slide),Shatta Wale,TRUE,FALSE,2017-03-15 13:45:37,,,03:07,
648,1,Am Blessed (Audio Slide),Shatta Wale,TRUE,FALSE,2017-03-09 15:10:50,,,03:52,
649,1,Ayoo (Audio Slide),Shatta Wale,TRUE,FALSE,2017-03-09 15:07:14,,,02:51,
650,1,I Run Ghana (Audio Slide),Shatta Wale,TRUE,FALSE,2017-03-07 08:29:15,,,03:25,
651,1,Aplanke (Audio Slide),Shatta Wale,TRUE,FALSE,2017-03-04 17:48:04,,,03:41,
652,1,Mayaa Tra [Been There Done That] Ft. Pope Skinny (Audio Slide),Shatta Wale,TRUE,FALSE,2017-03-03 14:32:39,,,03:26,
653,1,Open N Close (Audio Slide),Shatta Wale,TRUE,FALSE,2017-03-03 14:25:12,,,03:26,
654,1,One Man Killer (Audio Slide),Shatta Wale,TRUE,FALSE,2017-03-03 14:23:07,,,03:58,
655,1,Skin Pain (Audio Slide),Shatta Wale,TRUE,FALSE,2017-03-03 14:10:37,,,02:43,
656,1,Say Fi (Audio Slide),Shatta Wale,TRUE,FALSE,2017-03-03 14:07:12,,,02:43,
657,1,Likes (Audio Slide),Shatta Wale,TRUE,FALSE,2017-03-03 13:55:35,,,03:13,
658,1,Where U Deh (Audio Slide),Shatta Wale,TRUE,FALSE,2017-03-03 13:51:47,,,03:13,
659,1,Kasoa (Audio Slide),Shatta Wale,TRUE,FALSE,2017-02-17 16:01:12,,,02:49,
660,1,Life Changer (Audio Slide),Shatta Wale,TRUE,FALSE,2017-02-14 17:23:52,,,02:49,
661,1,You Chop? (Audio Slide),Shatta Wale,TRUE,FALSE,2017-02-14 17:20:17,,,02:49,
662,1,Aliko Dangote (Audio Slide),Shatta Wale,TRUE,FALSE,2017-02-14 15:49:42,,,02:49,
663,1,Ghetto Star Ft. Addi Self (Audio Slide),Shatta Wale,TRUE,FALSE,2017-02-14 15:26:28,,,02:49,
664,1,Umbrella (Audio Slide),Shatta Wale,TRUE,FALSE,2017-02-14 15:06:36,,,02:49,
665,1,Omg (Audio Slide),Shatta Wale,TRUE,FALSE,2017-02-07 20:11:36,,,02:50,
666,1,Saturday Nite (Audio Slide),Shatta Wale,TRUE,FALSE,2017-02-05 17:18:57,,,02:50,
667,1,The Order (Audio Slide),Shatta Wale,TRUE,FALSE,2017-02-05 17:18:08,,,03:08,
668,1,Hosanna Ft. Burna Boy (Audio Slide),Shatta Wale,TRUE,FALSE,2017-02-02 11:07:26,,,03:37,
669,1,Shatta Police (Audio Slide),Shatta Wale,TRUE,FALSE,2017-02-02 11:05:30,,,03:08,
670,1,Gangsta No Deh Call Police [Ara B Diss] (Audio Slide),Shatta Wale,TRUE,FALSE,2017-02-01 13:21:22,,,03:56,
671,1,So Sad (Audio Slide),Shatta Wale,TRUE,FALSE,2017-02-01 13:12:57,,,03:56,
672,1,Rapture (Official Video),Shatta Wale,FALSE,TRUE,2017-01-26 17:38:53,,,02:53,
673,1,Strongman (Official Video),Shatta Wale,FALSE,TRUE,2017-01-25 00:12:36,,,03:26,
674,1,Real Badman [Death Warrant Riddim] (Audio Slide),Shatta Wale,TRUE,FALSE,2017-01-24 19:02:17,,,02:49,
675,1,Don'T Go There (Official Video),Shatta Wale,FALSE,TRUE,2017-01-24 04:31:15,,,03:20,
676,1,Shatta Wale – Go Mad Ft. Joint 77 (Audio Slide),Shatta Wale,TRUE,FALSE,2017-01-23 20:44:47,,,03:30,
677,1,Shatta Wale X Sarkodie - Ghetto Youth (Audio Slide),Shatta Wale,TRUE,FALSE,2016-12-24 15:17:13,,,03:08,
678,1,Shatta Wale – Evil Ft. Shatta Michy (Audio Slide),Shatta Wale,TRUE,FALSE,2016-12-21 14:14:06,,,02:14,
679,1,Shatta Wale – Run Dem Mouth (Audio Slide),Shatta Wale,TRUE,FALSE,2016-12-13 19:52:16,,,02:51,
680,1,Nana Vs Mahama (Audio Slide),Shatta Wale,TRUE,FALSE,2016-12-13 19:26:38,,,03:07,
681,1,Shatta Wale – Mechanism (Audio Slide),Shatta Wale,TRUE,FALSE,2016-12-13 19:25:43,,,03:36,
682,1,Shatta Wale – Who Win (Audio Slide),Shatta Wale,TRUE,FALSE,2016-12-13 19:24:17,,,03:11,
683,1,Shatta Wale – Kokooyi [Scary] (Audio Slide),Shatta Wale,TRUE,FALSE,2016-12-13 19:21:29,,,03:26,
684,1,Bronya [Christmas] (Audio Slide),Shatta Wale,TRUE,FALSE,2016-12-13 19:07:05,,,03:01,
685,1,Mechanism (Official Video),Shatta Wale,FALSE,TRUE,2016-12-11 16:40:32,,,04:03,
686,1,Shatta Wale – Planner (Audio Slide),Shatta Wale,TRUE,FALSE,2016-12-06 20:02:01,,,03:11,
687,1,Dem Never Bad (Audio Slide),Shatta Wale,TRUE,FALSE,2016-12-06 19:58:17,,,03:30,
688,1,Salala Nigga Ft. Pope Skinny (Audio Slide),Shatta Wale,TRUE,FALSE,2016-12-06 19:46:29,,,03:57,
689,1,Gym Your Pocket (Audio Slide),Shatta Wale,TRUE,FALSE,2016-12-06 19:41:19,,,04:51,
690,1,Battyman Play (Audio Slide),Shatta Wale,TRUE,FALSE,2016-12-06 19:34:14,,,03:47,
691,1,Mr Bad Mind (Audio Slide),Shatta Wale,TRUE,FALSE,2016-11-24 16:09:18,,,04:50,
692,1,Shatta Wale – Sm Gad (Audio Slide),Shatta Wale,TRUE,FALSE,2016-11-24 15:59:47,,,04:21,
693,1,Sm Girls & Boys (Audio Slide),Shatta Wale,TRUE,FALSE,2016-11-24 15:55:52,,,04:08,
694,1,Hear We Out (Audio Slide),Shatta Wale,TRUE,FALSE,2016-11-24 15:53:05,,,04:01,
695,1,Gunshot (Audio Slide),Shatta Wale,TRUE,FALSE,2016-11-24 15:49:08,,,04:16,
696,1,Shatta Wale – Don’T You Want It (Audio Slide),Shatta Wale,TRUE,FALSE,2016-11-24 15:42:56,,,04:58,
697,1,Shatta Wale – Freemason (Audio Slide),Shatta Wale,TRUE,FALSE,2016-11-24 15:39:58,,,04:11,
698,1,A Nima Mi Seh (Audio Slide),Shatta Wale,TRUE,FALSE,2016-11-24 15:36:53,,,03:18,
699,11,Pussy Mad (Audio Slide),Shatta Wale,TRUE,FALSE,2016-11-24 02:51:22,,,04:47,
700,1,Shatta Wale – Come Ova (Audio Slide),Shatta Wale,TRUE,FALSE,2016-11-24 02:44:19,,,03:41,
701,1,Don'T Be Silly (Audio Slide),Shatta Wale,TRUE,FALSE,2016-11-24 02:35:23,,,03:52,
702,1,Shatta Wale – Happy Birthday (Audio Slide),Shatta Wale,TRUE,FALSE,2016-11-23 04:01:11,,,03:52,
703,1,Pussy Tighter (Audio Slide),Shatta Wale,TRUE,FALSE,2016-11-23 03:55:27,,,04:17,
704,1,Everywhere Wi A Party (Audio Slide),Shatta Wale,TRUE,FALSE,2016-11-23 03:45:52,,,03:49,
705,1,Mr No Nonsense (Audio Slide),Shatta Wale,TRUE,FALSE,2016-11-23 03:44:15,,,03:18,
706,1,Shatta Wale – Fe Di Money (Audio Slide),Shatta Wale,TRUE,FALSE,2016-11-23 03:35:15,,,03:11,
707,1,Fe Di Paypa (Audio Slide),Shatta Wale,TRUE,FALSE,2016-11-23 03:30:04,,,03:51,
708,1,Aroma (Audio Slide),Shatta Wale,TRUE,FALSE,2016-11-23 03:21:07,,,04:54,
709,1,Am Da One (Audio Slide),Shatta Wale,TRUE,FALSE,2016-11-23 03:14:41,,,03:16,
710,1,Rasta Dub (Audio Slide),Shatta Wale,TRUE,FALSE,2016-11-23 03:06:19,,,03:00,
711,1,Ice Cream Shop [Explicit] (Audio Slide),Shatta Wale,TRUE,FALSE,2016-11-16 12:29:32,,,03:19,
712,1,Mi Rich (Audio Slide),Shatta Wale,TRUE,FALSE,2016-11-16 12:21:34,,,03:29,
713,1,Shatta Wale – Some Friend Dem (Audio Slide),Shatta Wale,TRUE,FALSE,2016-11-16 12:17:19,,,03:23,
714,1,Nun A Gwan (Audio Slide),Shatta Wale,TRUE,FALSE,2016-11-16 12:16:16,,,03:46,
715,1,Stinky Mouth (Audio Slide),Shatta Wale,TRUE,FALSE,2016-11-14 22:34:09,,,03:53,
716,1,On Dem (Audio Slide),Shatta Wale,TRUE,FALSE,2016-11-14 19:57:22,,,03:12,
717,1,Throw Back Ft. Joint 77 (Audio Slide),Shatta Wale,TRUE,FALSE,2016-11-14 19:40:52,,,05:11,
718,1,Do Tingz Right (Audio Slide),Shatta Wale,TRUE,FALSE,2016-11-14 19:37:49,,,04:21,
719,1,Shatta Wale – Do Road (Audio Slide),Shatta Wale,TRUE,FALSE,2016-11-14 19:12:18,,,03:04,
720,1,Maza Maza (Audio Slide),Shatta Wale,TRUE,FALSE,2016-11-14 19:10:24,,,03:32,
721,1,Winner Stay (Audio Slide),Shatta Wale,TRUE,FALSE,2016-11-14 19:00:06,,,04:04,
722,1,Akwei Daawa [Got Money] (Audio Slide),Shatta Wale,TRUE,FALSE,2016-11-14 18:02:54,,,03:49,
723,1,Shatta Wale – Papa Twitter [Samini Reply] (Audio Slide),Shatta Wale,TRUE,FALSE,2016-11-14 17:57:18,,,01:37,
724,1,Rise My Gun (Audio Slide),Shatta Wale,TRUE,FALSE,2016-11-14 17:50:57,,,03:31,
725,1,Ejuma No Esi [Samini Diss] (Audio Slide),Shatta Wale,TRUE,FALSE,2016-11-14 17:44:56,,,03:31,
726,1,Gh One Fuck You (Audio Slide),Shatta Wale,TRUE,FALSE,2016-11-14 17:39:59,,,03:37,
727,1,Shatta Wale – Money Power Ft. Guru (Audio Slide),Shatta Wale,TRUE,FALSE,2016-11-14 16:46:39,,,04:55,
728,1,Shatta Wale Ft. Davido - Wine Your Waist (Audio Slide),Shatta Wale,TRUE,FALSE,2016-11-14 16:43:08,,,03:13,
729,1,Kpuu Kpaa (Audio Slide),Shatta Wale,TRUE,FALSE,2016-11-14 16:31:52,,,04:00,
730,1,World Champion (Audio Slide),Shatta Wale,TRUE,FALSE,2016-11-14 16:20:11,,,03:58,
731,1,Don’T Go There (Audio Slide),Shatta Wale,TRUE,FALSE,2016-11-14 16:14:55,,,03:16,
732,1,Fuufuu Kwa [Mouth Mouth] (Audio Slide),Shatta Wale,TRUE,FALSE,2016-11-04 21:38:43,,,04:01,
733,1,Shatta Wale – Bad Ft. Rock Steady (Audio Slide),Shatta Wale,TRUE,FALSE,2016-11-04 20:56:26,,,03:16,
734,1,Gi Mi Ft. Ara B & Joint 77 (Audio Slide),Shatta Wale,TRUE,FALSE,2016-11-04 20:52:22,,,03:42,
735,1,Message Of Sympathy (Audio Slide),Shatta Wale,TRUE,FALSE,2016-11-04 20:48:30,,,04:51,
736,1,Shatta Wale – Dem Don'T Know Mi (Audio Slide),Shatta Wale,TRUE,FALSE,2016-11-04 20:41:57,,,03:58,
737,1,Shatta Wale – Go Mingle Ft. Flowking Stone (Audio Slide),Shatta Wale,TRUE,FALSE,2016-11-04 20:30:29,,,03:13,
738,1,Show Me (Audio Slide),Shatta Wale,TRUE,FALSE,2016-11-04 20:26:45,,,04:00,
739,1,Halleluyah [I Am Da Future] (Audio Slide),Shatta Wale,TRUE,FALSE,2016-11-04 20:02:04,,,04:14,
740,1,Tsoobi [Doll] (Audio Slide),Shatta Wale,TRUE,FALSE,2016-11-04 19:44:54,,,03:52,
741,1,Shatta Wale – Buss Dem Throat (Audio Slide),Shatta Wale,TRUE,FALSE,2016-11-04 19:38:14,,,03:31,
742,1,Scam Dem (Audio Slide),Shatta Wale,TRUE,FALSE,2016-11-03 20:49:10,,,03:13,
743,1,By Force (Audio Slide),Shatta Wale,TRUE,FALSE,2016-11-03 19:15:15,,,03:16,
744,1,Zinabu (Audio Slide),Shatta Wale,TRUE,FALSE,2016-11-03 19:02:38,,,02:50,
745,1,Cocoa Season (Official Video),Shatta Wale,FALSE,TRUE,2016-10-26 23:15:45,,,03:31,
746,1,Your Culture (Audio Slide),Shatta Wale,TRUE,FALSE,2016-10-24 19:59:11,,,04:01,
747,1,Blogger (Audio Slide),Shatta Wale,TRUE,FALSE,2016-10-24 19:56:17,,,03:39,
748,1,Talk Talk (Audio Slide),Shatta Wale,TRUE,FALSE,2016-10-24 19:51:15,,,04:42,
749,1,Bossu (Audio Slide),Shatta Wale,TRUE,FALSE,2016-10-24 19:42:34,,,03:53,
750,1,Our Names (Audio Slide),Shatta Wale,TRUE,FALSE,2016-10-24 18:23:19,,,03:48,
751,1,Longtime [Samini Diss] (Audio Slide),Shatta Wale,TRUE,FALSE,2016-10-24 18:13:04,,,03:52,
752,1,Likkle Time (Audio Slide),Shatta Wale,TRUE,FALSE,2016-10-24 17:37:34,,,03:49,
753,1,Shatta Wale – Luv Mi Suh Ft. Addi Self (Audio Slide),Shatta Wale,TRUE,FALSE,2016-10-24 17:35:26,,,03:56,
754,1,Prove You Wrong [Reply To Charter House] (Audio Slide),Shatta Wale,TRUE,FALSE,2016-10-21 19:24:33,,,03:59,
755,1,Come To My Room (Official Video),Shatta Wale,FALSE,TRUE,2016-10-21 19:16:39,,,03:46,
756,1,Gal Wuk It (Audio Slide),Shatta Wale,TRUE,FALSE,2016-10-21 19:11:52,,,03:31,
757,1,Havanna (Audio Slide),Shatta Wale,TRUE,FALSE,2016-10-21 19:06:31,,,02:41,
758,1,Shorty Wan Go (Audio Slide),Shatta Wale,TRUE,FALSE,2016-10-17 19:23:42,,,03:35,
759,1,Don'T Hate Mi (Audio Slide),Shatta Wale,TRUE,FALSE,2016-10-13 20:51:47,,,02:47,
760,1,I Won'T Be A Broke Nigga (Audio Slide),Shatta Wale,TRUE,FALSE,2016-10-13 20:46:20,,,02:33,
761,1,You Want It (Audio Slide),Shatta Wale,TRUE,FALSE,2016-10-13 20:41:55,,,05:19,
762,1,Bun Badmind (Audio Slide),Shatta Wale,TRUE,FALSE,2016-10-13 20:32:04,,,03:05,
763,1,Psy Go Gaga (Audio Slide),Shatta Wale,TRUE,FALSE,2016-10-13 20:27:15,,,04:24,
764,1,I Like You (Audio Slide),Shatta Wale,TRUE,FALSE,2016-10-13 20:22:32,,,03:56,
765,1,Pretty Body (Audio Slide),Shatta Wale,TRUE,FALSE,2016-10-13 20:20:53,,,04:11,
766,1,More Cash (Audio Slide),Shatta Wale,TRUE,FALSE,2016-10-13 20:17:21,,,02:49,
767,1,Speed Up (Audio Slide),Shatta Wale,TRUE,FALSE,2016-10-13 20:15:52,,,03:22,
768,1,State Burial (Audio Slide),Shatta Wale,TRUE,FALSE,2016-10-13 20:10:04,,,02:25,
769,1,Pon Dem Face Real Fakers (Audio Slide),Shatta Wale,TRUE,FALSE,2016-10-13 19:50:21,,,03:22,
770,1,Police And Ghetto (Audio Slide),Shatta Wale,TRUE,FALSE,2016-10-13 19:43:50,,,03:27,
771,1,Dem Sell Out (Audio Slide),Shatta Wale,TRUE,FALSE,2016-10-13 19:37:13,,,02:37,
772,1,Nuh Give Up (Audio Slide),Shatta Wale,TRUE,FALSE,2016-10-13 19:31:03,,,03:04,
773,1,Higher Learning [Explicit] (Audio Slide),Shatta Wale,TRUE,FALSE,2016-10-13 19:28:40,,,02:53,
774,1,Sixth Letter To Samini (Audio Slide),Shatta Wale,TRUE,FALSE,2016-10-13 19:26:07,,,03:27,
775,1,Baddy Bang (Audio Slide),Shatta Wale,TRUE,FALSE,2016-10-13 19:11:02,,,03:15,
776,1,Letter To Sarkodie (Audio Slide),Shatta Wale,TRUE,FALSE,2016-10-13 18:59:56,,,03:36,
777,1,Bandana Wor Man Ner Our Country (Audio Slide),Shatta Wale,TRUE,FALSE,2016-10-13 18:47:57,,,06:02,
778,1,Clean Gyal (Audio Slide),Shatta Wale,TRUE,FALSE,2016-10-13 18:46:16,,,04:10,
779,1,Corolla S (Audio Slide),Shatta Wale,TRUE,FALSE,2016-10-12 17:25:42,,,02:37,
780,1,You Wan It (Audio Slide),Shatta Wale,TRUE,FALSE,2016-10-12 17:20:40,,,05:48,
781,1,Caan Take Me Out (Audio Slide),Shatta Wale,TRUE,FALSE,2016-10-12 17:17:45,,,02:37,
782,1,Mi Tell Dem Again (Audio Slide),Shatta Wale,TRUE,FALSE,2016-10-07 19:08:42,,,05:08,
783,1,Ukwu (Audio Slide),Shatta Wale,TRUE,FALSE,2016-10-07 19:04:32,,,04:46,
784,1,Fa Wo Wor Mi (Audio Slide),Shatta Wale,TRUE,FALSE,2016-10-07 18:56:28,,,04:10,
785,1,Bandana [Shatta Wale] - One Girl (Audio Slide),Shatta Wale,TRUE,FALSE,2016-10-07 18:52:35,,,03:11,
786,1,Bandana (Shatta Wale) - Ice Cream (Official Video),Shatta Wale,FALSE,TRUE,2016-10-07 18:40:14,,,05:12,
787,1,Shatta Wale – Am An Eagle (Audio Slide),Shatta Wale,TRUE,FALSE,2016-10-07 17:51:53,,,03:25,
788,1,Everybody Likes My Tin (Audio Slide),Shatta Wale,TRUE,FALSE,2016-10-07 17:46:07,,,02:37,
789,1,Nuh Fear Dem (Audio Slide),Shatta Wale,TRUE,FALSE,2016-10-07 17:43:01,,,02:55,
790,10,After The Storm [Intro] (Audio Slide),Shatta Wale,TRUE,FALSE,2016-09-15 07:25:16,,,03:55,
791,10,For The Money (Audio Slide),Shatta Wale,TRUE,FALSE,2016-09-15 07:22:22,,,03:29,
792,10,What You Want (Audio Slide),Shatta Wale,TRUE,FALSE,2016-09-15 07:18:56,,,03:00,
793,10,Mahama Paper (Audio Slide),Shatta Wale,TRUE,FALSE,2016-09-15 07:12:11,,,03:56,
794,10,Baby [Chop Kiss] (Audio Slide),Shatta Wale,TRUE,FALSE,2016-09-14 20:25:14,,,03:21,
795,10,Kakai (Audio Slide),Shatta Wale,TRUE,FALSE,2016-09-14 20:22:39,,,03:40,
796,10,Bie Gya [Radio Version] (Audio Slide),Shatta Wale,TRUE,FALSE,2016-09-14 20:15:35,,,03:16,
797,10,If I Collect (Audio Slide),Shatta Wale,TRUE,FALSE,2016-09-14 20:11:18,,,03:13,
798,10,Am Ok (Audio Slide),Shatta Wale,TRUE,FALSE,2016-09-14 20:08:29,,,03:16,
799,10,Reality (Audio Slide),Shatta Wale,TRUE,FALSE,2016-09-14 20:04:47,,,04:16,
800,10,Chairman (Audio Slide),Shatta Wale,TRUE,FALSE,2016-09-14 20:01:17,,,02:30,
801,10,Champion (Audio Slide),Shatta Wale,TRUE,FALSE,2016-09-14 19:56:34,,,04:20,
802,10,Dancehall King (Audio Slide),Shatta Wale,TRUE,FALSE,2016-09-14 19:01:43,,,03:51,
803,10,Lock The City (Audio Slide),Shatta Wale,TRUE,FALSE,2016-09-14 18:53:08,,,03:18,
804,10,Hol' It (Audio Slide),Shatta Wale,TRUE,FALSE,2016-09-14 18:43:04,,,03:51,
805,10,Money & Dancehall (Audio Slide),Shatta Wale,TRUE,FALSE,2016-09-14 18:38:38,,,03:06,
806,1,Prove You Wrong (Official Video),Shatta Wale,FALSE,TRUE,2016-09-13 18:52:51,,,03:59,
807,10,Like A King (Audio Slide),Shatta Wale,TRUE,FALSE,2016-09-13 00:21:20,,,03:11,
808,10,Kill Dem Wif Prayers (Audio Slide),Shatta Wale,TRUE,FALSE,2016-09-13 00:04:09,,,04:29,
809,10,Ayele (Audio Slide),Shatta Wale,TRUE,FALSE,2016-09-12 23:38:16,,,03:34,
810,10,Tell Me A Lie (Audio Slide),Shatta Wale,TRUE,FALSE,2016-09-12 23:24:31,,,03:17,
811,10,Too Much Chemikal (Audio Slide),Shatta Wale,TRUE,FALSE,2016-09-12 23:23:40,,,04:23,
812,10,Afta Di Storm (Audio Slide),Shatta Wale,TRUE,FALSE,2016-09-09 19:17:42,,,03:32,
813,1,Pull Wi Down (Official Video),Shatta Wale,FALSE,TRUE,2016-06-28 23:09:41,,,03:19,
814,1,Obordorbidi (Audio Slide),Shatta Wale,TRUE,FALSE,2016-06-18 20:49:17,,,04:00,
815,1,Stamina (Audio Slide),Shatta Wale,TRUE,FALSE,2016-06-18 20:29:57,,,03:22,
816,1,Shatta Wale – Dem Fraid (Audio Slide),Shatta Wale,TRUE,FALSE,2016-06-18 20:25:52,,,03:13,
817,1,Shatta Wale – Pree Mi Era (Audio Slide),Shatta Wale,TRUE,FALSE,2016-06-18 20:21:51,,,03:13,
818,1,Shatta Wale – Run (Audio Slide),Shatta Wale,TRUE,FALSE,2016-06-18 20:17:08,,,02:46,
819,1,Ghost (Audio Slide),Shatta Wale,TRUE,FALSE,2016-06-18 20:14:51,,,03:20,
820,1,Shatta Wale – Yawa (Audio Slide),Shatta Wale,TRUE,FALSE,2016-06-18 20:08:04,,,03:47,
821,1,Mama (Audio Slide),Shatta Wale,TRUE,FALSE,2016-06-18 20:01:05,,,04:10,
822,1,Shatta Wale – Local Champion (Audio Slide),Shatta Wale,TRUE,FALSE,2016-06-18 19:57:30,,,03:46,
823,1,Free Up Di Gaza (Audio Slide),Shatta Wale,TRUE,FALSE,2016-06-15 11:11:55,,,04:05,
824,1,Run (Official Video),Shatta Wale,FALSE,TRUE,2016-06-13 18:45:50,,,02:41,
825,1,Warn Dem (Official Video),Shatta Wale,FALSE,TRUE,2016-06-03 15:15:40,,,03:56,
826,1,Don'T Try [Criss Waddle Diss] (Audio Slide),Shatta Wale,TRUE,FALSE,2016-05-26 09:50:50,,,03:36,
827,1,Cocoa Season (Audio Slide),Shatta Wale,TRUE,FALSE,2016-05-19 14:23:29,,,03:46,
828,1,Shatta Wale – Bedroom Toy Feat. Mimi (Audio Slide),Shatta Wale,TRUE,FALSE,2016-05-19 14:22:20,,,04:01,
829,1,Shatta Wale – Tail Light (Audio Slide),Shatta Wale,TRUE,FALSE,2016-05-19 14:20:18,,,04:01,
830,1,Warn Dem (Audio Slide),Shatta Wale,TRUE,FALSE,2016-05-19 14:03:40,,,03:56,
831,1,Dem A Fite Ghana (Audio Slide),Shatta Wale,TRUE,FALSE,2016-05-19 14:02:53,,,03:27,
832,1,Bingo (Audio Slide),Shatta Wale,TRUE,FALSE,2016-05-19 14:01:34,,,04:12,
833,1,Shatta Wale – Wumaami Tw3 Ft. S. A (Audio Slide),Shatta Wale,TRUE,FALSE,2016-05-17 21:14:58,,,02:46,
834,1,First Stone (Audio Slide),Shatta Wale,TRUE,FALSE,2016-05-17 21:10:36,,,05:45,
835,1,Shatta Wale – I Laf Enter Mall (Audio Slide),Shatta Wale,TRUE,FALSE,2016-05-17 21:09:41,,,04:36,
836,1,Kakai (Official Video),Shatta Wale,FALSE,TRUE,2016-04-30 17:20:12,,,06:05,
837,1,Bie Gya (Official Video),Shatta Wale,FALSE,TRUE,2016-04-22 21:29:02,,,03:22,
838,1,Bie Gya [Open Fire] (Audio Slide),Shatta Wale,TRUE,FALSE,2016-04-11 19:01:26,,,03:18,
839,1,Baby (Chop Kiss) [Official Video],Shatta Wale,FALSE,TRUE,2016-03-02 15:43:01,,,03:24,
840,1,Story To Tell (Official Video),Shatta Wale,FALSE,TRUE,2016-02-28 03:18:16,,,04:42,
841,1,Kill Dem Prayers (Official Video),Shatta Wale,FALSE,TRUE,2016-02-25 09:31:21,,,04:14,
842,10,Too Much Chemikal (Official Video),Shatta Wale,FALSE,TRUE,2016-02-21 01:17:54,,,04:19,
843,1,Ferrari Ft. Criss Waddle (Audio Slide),Shatta Wale,TRUE,FALSE,2016-01-26 20:54:31,,,03:40,
844,1,Warning (Audio Slide),Shatta Wale,TRUE,FALSE,2016-01-26 20:33:03,,,03:04,
845,1,Grow Up (Audio Slide),Shatta Wale,TRUE,FALSE,2016-01-26 19:53:54,,,02:27,
846,1,No Faking Ft. Rudebwoy Ranking (Audio Slide),Shatta Wale,TRUE,FALSE,2016-01-26 19:21:28,,,04:21,
847,1,Shatta Wale – Lip Service (Audio Slide),Shatta Wale,TRUE,FALSE,2016-01-26 19:06:23,,,02:51,
848,1,Enter The Net (Audio Slide),Shatta Wale,TRUE,FALSE,2016-01-26 18:39:22,,,03:23,
849,1,Man Of The Year (Audio Slide),Shatta Wale,TRUE,FALSE,2016-01-26 18:09:28,,,03:17,
850,1,Bandana - Moko Hoo Ft. Tinny (Official Video),Shatta Wale,FALSE,TRUE,2016-01-06 21:36:53,,,03:43,
851,1,The Man (Audio Slide),Shatta Wale,TRUE,FALSE,2016-01-06 21:26:37,,,04:29,
852,1,Prepare (Audio Slide),Shatta Wale,TRUE,FALSE,2016-01-06 21:24:41,,,02:33,
853,1,A Ghana Mi Sey (Audio Slide),Shatta Wale,TRUE,FALSE,2016-01-06 21:05:57,,,02:41,
854,1,Range Rover (Audio Slide),Shatta Wale,TRUE,FALSE,2016-01-06 20:49:55,,,04:22,
855,1,Akwei Daawa (Got Money) [Audio Slide],Shatta Wale,TRUE,FALSE,2016-01-06 20:24:20,,,03:49,
856,1,Shatta Wale – Baby Chop Kiss (Audio Slide),Shatta Wale,TRUE,FALSE,2016-01-06 20:11:20,,,03:20,
857,1,Letter To Sarkodie (Audio Slide),Shatta Wale,TRUE,FALSE,2016-01-06 20:03:30,,,03:35,
858,1,Letter To Kaakie (Audio Slide),Shatta Wale,TRUE,FALSE,2016-01-06 19:51:55,,,02:55,
859,1,Shatta Wale – Kakai (Audio Slide),Shatta Wale,TRUE,FALSE,2016-01-06 19:36:50,,,03:39,
860,1,Krom Ayer Shi (Town Make Hot) [Official Video],Shatta Wale,FALSE,TRUE,2015-12-15 18:11:49,,,03:54,
861,1,Shatta Story (Official Video),Shatta Wale,FALSE,TRUE,2015-12-02 20:20:26,,,03:53,
862,1,Dancehall Commando Remix Ft. Sarkodie (Audio Slide),Shatta Wale,TRUE,FALSE,2015-09-19 12:32:32,,,04:24,
863,1,Disastrous - Mi Sumo Ft. Shatta Wale (Official Video),Shatta Wale,FALSE,TRUE,2015-07-09 03:38:05,,,03:58,
864,1,Reality (Official Video),Shatta Wale,FALSE,TRUE,2015-05-22 12:26:33,,,04:40,
865,1,Moesbw - Twerk And Dance Ft. Shatta Wale (Official Video),Shatta Wale,FALSE,TRUE,2015-05-21 01:24:32,,,04:14,
866,1,Romantic Ft. Patoranking (Official Video),Shatta Wale,FALSE,TRUE,2015-05-15 05:37:17,,,03:28,
867,1,Get That From (Official Video),Shatta Wale,FALSE,TRUE,2015-05-05 23:47:21,,,02:41,
868,1,Krom Ay3 Shi (Freestyle Video),Shatta Wale,FALSE,TRUE,2015-03-01 10:43:56,,,02:05,
869,1,Gather Around (Official Video),Shatta Wale,FALSE,TRUE,2015-02-27 12:00:32,,,03:36,
870,1,Magical Year (Freestyle Video),Shatta Wale,FALSE,TRUE,2014-12-30 15:29:52,,,03:17,
871,1,Dancehall Queen Ft. Mzvee (Official Video),Shatta Wale,FALSE,TRUE,2014-11-14 10:27:01,,,03:19,
872,1,Pussy Arrest (Official Video),Shatta Wale,FALSE,TRUE,2014-11-14 02:34:47,,,04:01,
873,1,I Am Blessed (Official Video),Shatta Wale,FALSE,TRUE,2014-07-31 15:12:22,,,03:25,
874,1,Today And Tomorrow (Official Video),Shatta Wale,FALSE,TRUE,2014-07-09 20:36:03,,,03:01,
875,1,Maserati (Official Video),Shatta Wale,FALSE,TRUE,2014-06-22 18:10:42,,,04:58,
876,1,Corner Girl (Audio Slide),Shatta Wale,TRUE,FALSE,2014-06-19 12:06:55,,,03:15,
877,1,We Rose Him We Froze Him (Official Video),Shatta Wale,FALSE,TRUE,2014-06-05 01:09:43,,,03:58,
878,1,Pussy Arrest (Audio Slide),Shatta Wale,TRUE,FALSE,2014-06-02 17:57:24,,,04:00,
879,1,Inna Mi Party Ft. D-Black [Official Video],Shatta Wale,FALSE,TRUE,2014-05-09 08:25:59,,,03:26,
880,1,You Can'T Touch Me [Official Video],Shatta Wale,FALSE,TRUE,2014-04-19 16:57:13,,,03:57,
881,1,Gal Wuk It [Official Video],Shatta Wale,FALSE,TRUE,2014-03-07 20:15:49,,,03:43,
882,1,Real Hustler [Official Video],Shatta Wale,FALSE,TRUE,2014-03-01 08:17:13,,,04:43,
883,1,Bandana (Shatta Wale) - Kings Of Dc Ft. Sonni Balli [Official Video],Shatta Wale,FALSE,TRUE,2013-12-02 01:15:20,,,03:06,
884,1,Shattta Wale - Everybody Like My Tin (Official Video),Shatta Wale,FALSE,TRUE,2013-11-18 10:52:33,,,03:13,
885,1,Dancehall King [Official Video],Shatta Wale,FALSE,TRUE,2013-07-21 13:13:31,,,03:40,
886,1,Talk Too Much [Official Video],Shatta Wale,FALSE,TRUE,2013-04-21 03:46:42,,,03:01,
887,1,Bandana (Shatta Wale) - Mi Size [Official Video],Shatta Wale,FALSE,TRUE,2013-03-17 19:03:29,,,03:54,
888,1,Bandana (Shatta Wale) - New Year [Official Video],Shatta Wale,FALSE,TRUE,2013-02-09 19:28:52,,,03:33,
889,1,Letter To Iwan [Official Video],Shatta Wale,FALSE,TRUE,2013-02-08 01:02:42,,,04:49,
890,1,How Far,Shatta Wale,TRUE,FALSE,13/03/2026,,,02:11,
891,1,How Far (Video),Shatta Wale,FALSE,TRUE,14/03/2026,,,02:15,
892,1,Ain'T Nobody,Shatta Wale x John Legend,TRUE,FALSE,20/03/2026,Rob Murat & Sean Kantrowitz,R&B / Reggae,03:24,
893,1,Forgive You (Official Video),Shatta Wale,TRUE,FALSE,31/03/2026,Shatta Wale,Shatta Music,02:25,
894,16,Adiepena (Feat. Shatta Wale),King Paluta,TRUE,FALSE,27/12/2024,,Worldwide,03:36,
895,1,Millions,L'Oiseau Rare & Shatta Wale,TRUE,FALSE,20/12/2024,,African Dancehall,03:06,
896,1,Secret Billionaires (Feat. Shatta Wale),Teflon Flexx,TRUE,FALSE,11/11/2024,,Afro-Beat,02:52,
897,1,Road Clear (Feat. Shatta Wale),Mr Drew,TRUE,FALSE,01/10/2024,,Worldwide,02:54,
898,1,Imagination,Konstance & Shatta Wale,TRUE,FALSE,22/08/2024,,Worldwide,02:33,
899,1,Set Up Yuhself (Feat. Shatta Wale),Etana,TRUE,FALSE,26/07/2024,,Reggae,03:05,
900,1,Gangalia (Feat. Shatta Wale),Jay Bahd,TRUE,FALSE,14/12/2023,,Hip-Hop/Rap,03:48,
901,16,My Way (Feat. Shatta Wale),Medikal,TRUE,FALSE,13/10/2023,,Worldwide,02:47,
902,1,New Level Unlock (Feat. Shatta Wale),Jupitar,TRUE,FALSE,10/06/2023,,Reggae,02:56,
903,1,Ready (Feat. Rj The DJ),"Morgan Heritage, Shatta Wale & Jose Chameleone",TRUE,FALSE,21/04/2023,,Worldwide,04:09,
904,1,Dem Deh Try (Feat. Shatta Wale),Paq,TRUE,FALSE,18/01/2023,,Worldwide,02:37,
905,1,Idgaf (Feat. Shatta Wale),Medikal,TRUE,FALSE,15/12/2022,,Hip-Hop/Rap,02:45,
906,1,Survive (Feat. Shatta Wale & Kao Denero),DJ Blackk Beat,TRUE,FALSE,12/12/2022,,Afro-Beat,03:54,
907,1,See Something (Feat. Medikal & Minz),"ChopLife SoundSystem, Mr Eazi, Shatta Wale & DJ Neptune",TRUE,FALSE,09/12/2022,,Amapiano,02:37,
908,1,D.T.B,Shatta Wale & Medikal,TRUE,FALSE,01/04/2022,,African Dancehall,02:38,
909,1,Obaa (Feat. Shatta Wale),Skrewfaze,TRUE,FALSE,25/03/2022,,African,05:31,
910,1,Dancehall Dweet,Shatta Wale,TRUE,FALSE,11/02/2022,,Afro-Beat,02:24,
911,1,Stubborn Academy,Medikal & Shatta Wale,TRUE,FALSE,28/01/2022,,Afrobeats,03:00,
912,1,Free De Matter (Feat. Shatta Wale),Angela Okorie,TRUE,FALSE,10/12/2021,,Worldwide,02:44,
913,1,School Dey Be (Feat. Shatta Wale),Foto Copy,TRUE,FALSE,05/11/2021,,Afro-fusion,03:55,
914,1,Sika Dam (Feat. Fameye & Shatta Wale),Amerado,TRUE,FALSE,26/10/2021,,Worldwide,04:26,
915,1,Alone (Feat. Shatta Wale),Morgan Starck,TRUE,FALSE,22/10/2021,,Afro-Beat,03:30,
916,1,Juice (Feat. Shatta Wale),Shawn Storm,TRUE,FALSE,19/06/2021,,Modern Dancehall,02:39,
917,1,I Go Give,"Smallgod, Shatta Wale, DJ Tunez & Eugy Official",TRUE,FALSE,18/06/2021,,Afro-Pop,02:28,
918,1,Barrel (Feat. Shatta Wale & Stylo G) [Remix],"BADDA GENERAL, ZJ Liquid & Gold Up",TRUE,FALSE,09/04/2021,,Modern Dancehall,04:00,
919,1,Kro Kro Me (Feat. Shatta Wale),Kumi Guitar,TRUE,FALSE,30/03/2021,,Worldwide,03:44,
920,1,Star Life (Feat. Shatta Wale),Jupitar,TRUE,FALSE,06/03/2021,,R&B/Soul,03:33,
921,1,Inna Di Night (Feat. Shatta Wale),Lisa Hyper,TRUE,FALSE,03/03/2021,,Reggae,03:00,
922,1,Alright,King Promise & Shatta Wale,TRUE,FALSE,11/12/2020,,African Dancehall,02:58,
923,1,Eka Aba Fie (Feat. Shatta Wale),Opanka,TRUE,FALSE,04/12/2020,,Worldwide,03:42,
924,1,H.I.T (Haters In Tears) [Feat. Shatta Wale],Wendy Shay,TRUE,FALSE,04/09/2020,,Worldwide,03:21,
925,1,Ghana We Dey (Feat. Shatta Wale & Samini),Kuami Eugene,TRUE,FALSE,07/08/2020,,African Dancehall,03:29,
926,1,Winning Formula,Shatta Wale & Gold Up,TRUE,FALSE,07/08/2020,,African Dancehall,02:42,
927,1,Fever (Feat. Shatta Wale),D2,TRUE,FALSE,03/06/2020,,Reggae,03:21,
928,1,Kimberly (Feat. Captan),Shatta Wale & Gold Up,TRUE,FALSE,15/05/2020,,African Dancehall,03:08,
929,1,Sexy Lady,Shatta Wale & Notnice,TRUE,FALSE,18/04/2020,,African Dancehall,02:42,
930,1,Too Ugly,Gold Up & Shatta Wale,TRUE,FALSE,13/03/2020,,Modern Dancehall,02:51,
931,1,Laugh Out Loud (Feat. Shatta Wale),Fuse ODG,TRUE,FALSE,10/02/2020,,Worldwide,03:15,
932,1,Celebration (Feat. Shatta Wale),Samini,TRUE,FALSE,25/12/2019,,Reggae,04:02,
933,1,Afro Dance (Feat. Shatta Wale),DJ Vyrusky,TRUE,FALSE,06/12/2019,,Alternative,02:51,
934,1,Be Afraid,Gold Up & Shatta Wale,TRUE,FALSE,19/10/2019,,Modern Dancehall,03:34,
935,1,Vibration,Shatta Wale,TRUE,FALSE,22/08/2019,,Reggae,02:58,
936,1,Too Much Henny [Remix] (Feat. Shatta Wale) [Remix],Gappy Ranks,TRUE,FALSE,14/08/2019,,Reggae,02:48,
937,1,Be Strong (Feat. Shatta Wale),Mariahlynn,TRUE,FALSE,07/08/2019,,Hip-Hop/Rap,03:34,
938,16,Already,"Beyoncé, Shatta Wale & Major Lazer",TRUE,FALSE,19/07/2019,,Soundtrack,03:42,
939,1,I Taya (Feat. Shatta Wale),Magnom,TRUE,FALSE,07/06/2019,,Worldwide,03:24,
940,1,Are You Still Mine,Nina Browwn & Shatta Wale,TRUE,FALSE,24/05/2019,,African Dancehall,03:45,
941,1,Way To The Top,Shatta Wale,TRUE,FALSE,04/05/2019,,Modern Dancehall,03:15,
942,1,African Girl (Feat. Shatta Wale),Kwesi Arthur,TRUE,FALSE,26/04/2019,,Worldwide,03:42,
943,1,We Gi Dem,NC Dread & Shatta Wale,TRUE,FALSE,26/04/2019,,African Dancehall,02:07,
944,1,Weekend Love,Shatta Wale,TRUE,FALSE,19/04/2019,,Reggae,03:18,
945,1,Never Again (Feat. Shatta Wale),Kofi Kinaata,TRUE,FALSE,22/03/2019,,Worldwide,04:09,
946,1,"Baby (Feat. Shatta Wale, Kuami Eugene & Kidi)",DJ Vyrusky,TRUE,FALSE,08/03/2019,,Worldwide,03:07,
947,1,Deliver Me,Shatta Wale,TRUE,FALSE,08/03/2019,,African Dancehall,02:49,
948,1,Omo Ada (Dem Sleep) [Feat. Shatta Wale & Fella] [Remix],Medikal,TRUE,FALSE,22/02/2019,,Worldwide,02:46,
949,1,Dangote (Feat. Shatta Wale),Tripcy,TRUE,FALSE,26/12/2018,,Hip-Hop/Rap,03:34,
950,1,African Girl (Feat. Shatta Wale),Kwesi Arthur,TRUE,FALSE,07/12/2018,,Worldwide,03:42,
951,1,Adwenfi (Feat. Shatta Wale & Kuami Eugene),DJ Vyrusky,TRUE,FALSE,26/03/2018,,African,03:35,
952,1,True Believer,"Shatta Wale, Natty Lee & ADDi",TRUE,FALSE,18/03/2018,,African,03:03,
953,1,The Way I Move,Shenseea & Shatta Wale,TRUE,FALSE,16/02/2018,,African Dancehall,03:58,
954,1,Fa Ma Me (Give It To Me) [Feat. Shatta Wale],Pablo Vicky-D,TRUE,FALSE,31/01/2018,,Reggae,03:07,
955,1,Opana (Feat. Shatta Wale),Flowking Stone,TRUE,FALSE,12/12/2017,,Dance,03:02,
956,1,Kpuu Kpa Challenge (Boga Dance Edition) [Feat. Shatta Wale & Uk Boga],DJ Flex,TRUE,FALSE,17/05/2017,,Worldwide,01:51,
957,1,"Wave (Remix) [Feat. Davido, Terry Apala, Shatta Wale, Wale Turner & Lax]",Iceberg Slim,TRUE,FALSE,06/03/2017,,Hip-Hop/Rap,03:53,
958,1,One Shot (Feat. Shatta Wale & Sarkodie),R2Bees,TRUE,FALSE,18/02/2017,,Dance,03:40,
959,1,Stevie Wonder (Feat. Shatta Wale),Wendy Shay,TRUE,FALSE,14/02/2017,,Worldwide,03:55,
960,1,Addaman (Feat. Benzee & Shatta Wale) [Mix Masta Garzy Remix],Mister Kimaali,TRUE,FALSE,14/02/2017,,Reggae,03:46,
961,1,It'S Not Over (Mix Masta Garzy Remix),Shatta Wale,TRUE,FALSE,14/02/2017,,Reggae,03:48,
962,1,Jeje (Feat. Shatta Wale),Sista Afia,TRUE,FALSE,20/12/2016,,Worldwide,03:39,
963,1,Party Fi Life (Feat. Shatta Wale),Shawn Storm,TRUE,FALSE,09/09/2016,,Reggae,02:42,
964,1,Too Big (Feat. Shatta Wale),Maccasio,TRUE,FALSE,05/08/2016,,Afro-Beat,04:08,
965,1,Atm Remix (Feat. Shatta Wale),Alkaline,TRUE,FALSE,27/05/2016,,Reggae,03:39,
966,1,Fire Bon Dem (Feat. Sarkodie & Shatta Wale) [Remix],Flowking Stone,TRUE,FALSE,25/03/2016,,Hip-Hop/Rap,04:34,
967,1,Too Sweet (Feat. Shatta Wale),Duke,TRUE,FALSE,13/07/2015,,Worldwide,03:18,
968,1,"Supa Scary (Feat. Shatta Wale, D-Black, Sarkodie, Mugeez & E.L.)",DJ Breezy,TRUE,FALSE,09/12/2014,,Hip-Hop/Rap,05:34,
969,1,Pinga (Feat. Shatta Wale),DJ Breezy,TRUE,FALSE,04/08/2014,,Hip-Hop/Rap,03:10,
,,,,,,,,,,
,,,,,,,,,,
,,,,,,,,,,
,,,,,,,,,,
,,,,,,,,,,
,,,,,,,,,,
,,,,,,,,,,
,,,,,,,,,,
,,,,,,,,,,
,,,,,,,,,,
,,,,,,,,,,
,,,,,,,,,,
,,,,,,,,,,
,,,,,,,,,,
,,,,,,,,,,
,,,,,,,,,,
,,,,,,,,,,
,,,,,,,,,,
,,,,,,,,,,
,,,,,,,,,,
,,,,,,,,,,
,,,,,,,,,,
,,,,,,,,,,
,,,,,,,,,,
,,,,,,,,,,
,,,,,,,,,,
,,,,,,,,,,
,,,,,,,,,,
,,,,,,,,,,
,,,,,,,,,,
,,,,,,,,,,
,,,,,,,,,,
,,,,,,,,,,
,,,,,,,,,,
,,,,,,,,,,
,,,,,,,,,,
,,,,,,,,,,
,,,,,,,,,,
,,,,,,,,,,
,,,,,,,,,,
,,,,,,,,,,
,,,,,,,,,,
,,,,,,,,,,
,,,,,,,,,,
,,,,,,,,,,
,,,,,,,,,,
,,,,,,,,,,
,,,,,,,,,,
,,,,,,,,,,
,,,,,,,,,,
,,,,,,,,,,
,,,,,,,,,,
,,,,,,,,,,
,,,,,,,,,,
,,,,,,,,,,
,,,,,,,,,,
,,,,,,,,,,
,,,,,,,,,,
